tree
version=v4
num_class=1
num_tree_per_iteration=1
label_index=0
max_feature_idx=15
objective=binary sigmoid:1
feature_names=Column_0 Column_1 Column_2 Column_3 Column_4 Column_5 Column_6 Column_7 Column_8 Column_9 Column_10 Column_11 Column_12 Column_13 Column_14 Column_15
feature_infos=[63.717033589718817:83.84118817240639] [64:80] [-0.62817043932328431:3.8411881724063903] [-0.87889137514689397:5.9986512456321694] [-0.054244206139885023:0.059215665868194947] [-0.033495011995483992:0.033495011995483992] [-0.59154412500153741:0.77213855233030704] [-0.33770357376953597:0.23930663317323705] [-0.0035379135172487254:0.0045549779361966358] [-0.072085715448610019:0.084329159675367013] [-0.11997946456372066:0.11999485885706029] [-0.24999526030031305:0.24994582342773342] [-0.39995934366903896:0.39997545770840759] [0:1] [0.81999999999999995:0.97999999999999998] [-0.04658989420282092:0.73030328134158062]
tree_sizes=875 882 887 887 892 885 888 891 890 997 893 893 994 899 996 891 893 890 892 892 890 893 889 891 891 999 995 893 992 894 997 1000 1000 893 993 998 896 892 994 893 997 895 887 1000 897 996 899 888 999 895 1001 895 893 894 891 1000 890 895 893 1002 1000 898 899 901 893 900 905 902 900 998 1003 906 1002 903 904 1006 902 890 904 903 1003 1010 1009 1008 1013 1003 1012 1002 1016 1008 1008 1002 1014 1013 998 1014 1003 1014 1001 1002 1019 1001 1009 995 1018 1016 1004 1015 1022 1011 1003 1020 1014 896 902 908 1021 904 908 905

Tree=0
num_leaves=7
num_cat=0
split_feature=3 5 3 2 5 3
split_gain=12764.9 148.292 713.022 38.2881 17.3728 1.88696
threshold=0.85475813382812482 -0.020039172721670294 0.035059403669874298 0.61255735684868295 0.030415660494202548 0.97741606689360461
decision_type=2 2 2 2 2 2
left_child=1 2 -1 -3 5 -2
right_child=4 3 -4 -5 -6 -7
leaf_value=-0.10959663570394371 0.098197213845881662 -0.11787938223721206 0.10344394305100521 0.040999100235615225 0.043444607430855597 0.11997651041497318
leaf_weight=375.67943686246872 14.44498437643051 1426.894252538681 66.579370617866516 5.4815189242362967 10.79900550842285 1670.1214267611504
leaf_count=2222 33 8646 146 18 35 3180
internal_value=8.71437e-08 -0.107894 -0.0775247 -0.117271 0.119303 0.11979
internal_weight=3570 1874.63 442.259 1432.38 1695.37 1684.57
internal_count=14280 11032 2368 8664 3248 3213
is_linear=0
shrinkage=1


Tree=1
num_leaves=7
num_cat=0
split_feature=3 5 3 2 5 3
split_gain=11319.8 131.82 631.971 34.0027 15.5117 1.6939
threshold=0.85475813382812482 -0.020039172721670294 0.035059403669874298 0.61255735684868295 0.030415660494202548 0.97741606689360461
decision_type=2 2 2 2 2 2
left_child=1 2 -1 -3 5 -2
right_child=4 3 -4 -5 -6 -7
leaf_value=-0.10333717774390755 0.092532740500125873 -0.1112002850352334 0.097503129627385207 0.038555613989340098 0.040857535025673936 0.11319281766393652
leaf_weight=374.55359472334385 14.410217702388762 1421.948872089386 66.401575803756714 5.4792158156633368 10.793911620974539 1664.1257800012827
leaf_count=2222 33 8646 146 18 35 3180
internal_value=1.96826e-07 -0.101768 -0.0730935 -0.110625 0.112554 0.113015
internal_weight=3557.71 1868.38 440.955 1427.43 1689.33 1678.54
internal_count=14280 11032 2368 8664 3248 3213
is_linear=0
shrinkage=0.06


Tree=2
num_leaves=7
num_cat=0
split_feature=3 5 3 2 5 3
split_gain=10104.1 119.047 562.322 30.3691 14.1104 1.56384
threshold=0.85475813382812482 -0.021416182108239919 0.035059403669874298 0.61255735684868295 0.030415660494202548 0.97741606689360461
decision_type=2 2 2 2 2 2
left_child=1 2 -1 -3 5 -2
right_child=4 3 -4 -5 -6 -7
leaf_value=-0.097485518653054187 0.087579586705731127 -0.10532317753400533 0.098290847792103592 0.036285603872383221 0.038457638244822144 0.10749727460202163
leaf_weight=355.0721335709095 14.314407527446745 1428.5840737074614 62.045321732759476 5.4728549569845191 10.779841497540472 1647.6252917200327
leaf_count=2121 33 8762 131 18 35 3180
internal_value=8.83559e-07 -0.0965767 -0.0683642 -0.104783 0.106882 0.107326
internal_weight=3523.89 1851.17 417.117 1434.06 1672.72 1661.94
internal_count=14280 11032 2252 8780 3248 3213
is_linear=0
shrinkage=0.06


Tree=3
num_leaves=7
num_cat=0
split_feature=3 5 3 2 5 3
split_gain=9068.19 107.826 503.547 27.4204 13.0351 1.47718
threshold=0.85475813382812482 -0.021416182108239919 0.035059403669874298 0.61255735684868295 0.030415660494202548 0.97741606689360461
decision_type=2 2 2 2 2 2
left_child=1 2 -1 -3 5 -2
right_child=4 3 -4 -5 -6 -7
leaf_value=-0.092840848683192922 0.083195955848102021 -0.10051028213300853 0.093563808733374915 0.03417074278050479 0.036224307434709072 0.10265350030386815
leaf_weight=350.59821611642838 14.168841958045958 1407.7867828160524 61.291449189186096 5.4631708711385718 10.758421823382376 1622.5875588208437
leaf_count=2121 33 8762 131 18 35 3180
internal_value=2.09021e-06 -0.0921165 -0.0651028 -0.0999896 0.102052 0.102485
internal_weight=3472.65 1825.14 411.89 1413.25 1647.51 1636.76
internal_count=14280 11032 2252 8780 3248 3213
is_linear=0
shrinkage=0.06


Tree=4
num_leaves=7
num_cat=0
split_feature=3 5 2 2 5 3
split_gain=8176.4 99.1588 479.222 25.1188 12.1974 1.42158
threshold=0.85475813382812482 -0.018607237355575987 0.066600180874282003 0.61255735684868295 0.030415660494202548 0.97741606689360461
decision_type=2 2 2 2 2 2
left_child=1 2 -1 -3 5 -2
right_child=4 3 -4 -5 -6 -7
leaf_value=-0.088233129342865188 0.079274607701757802 -0.096867084281188967 0.094418061704290873 0.032195645088604972 0.034140350321947087 0.098489353884139985
leaf_weight=384.26311741769314 13.983136832714079 1342.4583795070648 59.753765448927879 5.4507962167263022 10.731052935123442 1590.6779229640961
leaf_count=2356 33 8531 127 18 35 3180
internal_value=3.60129e-06 -0.0882444 -0.0636528 -0.0963452 0.0978956 0.0983219
internal_weight=3407.32 1791.93 444.017 1347.91 1615.39 1604.66
internal_count=14280 11032 2483 8549 3248 3213
is_linear=0
shrinkage=0.06


Tree=5
num_leaves=7
num_cat=0
split_feature=3 5 2 15 5 3
split_gain=7401.51 91.4746 432.01 23.7219 11.5366 1.38898
threshold=0.85475813382812482 -0.018607237355575987 0.066600180874282003 0.4573218412859848 0.030415660494202548 0.97741606689360461
decision_type=2 2 2 2 2 2
left_child=1 2 -1 -3 5 -2
right_child=4 3 -4 -5 -6 -7
leaf_value=-0.084577771784929423 0.075732920375108911 -0.09331783085589726 0.090455623693512496 0.016720610923036519 0.032191244726808975 0.09487634162149447
leaf_weight=377.03784419596195 13.765475928783415 1310.331212952733 58.662014678120613 7.090993493795394 10.698935106396673 1553.3089303821325
leaf_count=2356 33 8519 127 30 35 3180
internal_value=5.33433e-06 -0.0848437 -0.0610115 -0.0927256 0.0942843 0.0947082
internal_weight=3330.9 1753.12 435.7 1317.42 1577.77 1567.07
internal_count=14280 11032 2483 8549 3248 3213
is_linear=0
shrinkage=0.06


Tree=6
num_leaves=7
num_cat=0
split_feature=2 5 2 6 5 15
split_gain=6725.87 95.2431 413.137 17.8498 12.849 1.4711
threshold=0.61255735684868295 -0.018607237355575987 0.066600180874282003 0.55159304893288219 0.030415660494202548 0.4573218412859848
decision_type=2 2 2 2 2 2
left_child=1 2 -1 -3 5 -2
right_child=4 3 -4 -5 -6 -7
leaf_value=-0.081295143176758344 0.091783798544363845 -0.090437661376965059 0.087440492467685649 0.03902351565942723 0.026539154441125531 0.07143293307178343
leaf_weight=368.97275060415268 1511.8888192474842 1276.3678087592125 60.852916240692139 3.8455989211797705 11.00270104408264 12.896371588110922
leaf_count=2356 3179 8525 134 17 37 32
internal_value=7.33013e-06 -0.0818439 -0.0574063 -0.0900488 0.0911455 0.0916117
internal_weight=3245.83 1710.04 429.826 1280.21 1535.79 1524.79
internal_count=14280 11032 2490 8542 3248 3211
is_linear=0
shrinkage=0.06


Tree=7
num_leaves=7
num_cat=0
split_feature=2 5 2 6 5 15
split_gain=6127.89 88.7239 374.461 16.5234 12.3131 1.46136
threshold=0.61255735684868295 -0.018607237355575987 0.066600180874282003 0.55159304893288219 0.030415660494202548 0.4573218412859848
decision_type=2 2 2 2 2 2
left_child=1 2 -1 -3 5 -2
right_child=4 3 -4 -5 -6 -7
leaf_value=-0.078322001831653665 0.088997048429477366 -0.08760323404565451 0.084284762614054862 0.036250397404337248 0.025021784859837293 0.068513558723133194
leaf_weight=360.26688280701637 1467.0421897172928 1239.7218046933413 59.388148933649063 3.8899517953395835 10.970728173851965 12.646811872720717
leaf_count=2356 3179 8525 134 17 37 32
internal_value=9.34567e-06 -0.0791659 -0.0553104 -0.0872158 0.0883524 0.088822
internal_weight=3153.93 1663.27 419.655 1243.61 1490.66 1479.69
internal_count=14280 11032 2490 8542 3248 3211
is_linear=0
shrinkage=0.06


Tree=8
num_leaves=7
num_cat=0
split_feature=2 5 3 6 5 15
split_gain=5597.87 83.0398 340.277 15.3545 11.8737 1.46467
threshold=0.61255735684868295 -0.018607237355575987 0.035059403669874298 0.55159304893288219 0.030415660494202548 0.4573218412859848
decision_type=2 2 2 2 2 2
left_child=1 2 -1 -3 5 -2
right_child=4 3 -4 -5 -6 -7
leaf_value=-0.077312420729418505 0.086528435811743354 -0.085079058630692386 0.071881131892501005 0.033724513531919582 0.023594862336315612 0.065805410369088657
leaf_weight=343.37313018739223 1419.80251917243 1201.0911474376917 65.538731634616852 3.9291480332612982 10.93719260394573 12.385301545262335
leaf_count=2323 3179 8525 167 17 37 32
internal_value=1.15036e-05 -0.0767636 -0.0534003 -0.0846917 0.0858736 0.0863492
internal_weight=3057.06 1613.93 408.912 1205.02 1443.13 1432.19
internal_count=14280 11032 2490 8542 3248 3211
is_linear=0
shrinkage=0.06


Tree=9
num_leaves=8
num_cat=0
split_feature=3 5 2 2 3 4 4
split_gain=5127.01 70.4307 291.689 22.0005 10.349 14.4686 0.10459
threshold=0.85475813382812482 -0.021416182108239919 0.0094077175963178678 0.5023560484959334 0.97741606689360461 0.030505015155564197 0.046570060797647278
decision_type=2 2 2 2 2 2 2
left_child=1 2 -1 -3 5 -2 -6
right_child=4 3 -4 -5 6 -7 -8
leaf_value=-0.074563069398018447 0.088980623187659813 -0.083282886624882993 0.074234217846739697 -0.043192712462115881 0.084219547590935626 -0.018445409781114155 0.090256517916719514
leaf_weight=303.45416530966759 9.6295993626117724 1151.7000588774681 56.213464379310608 51.481440618634224 1365.3992047905922 8.4952138811349851 10.410064101219175
leaf_count=2109 21 8453 143 327 3169 35 23
internal_value=1.31865e-05 -0.0746035 -0.0513071 -0.0815675 0.0836718 0.0386294 0.0842652
internal_weight=2956.78 1562.85 359.668 1203.18 1393.93 18.1248 1375.81
internal_count=14280 11032 2252 8780 3248 56 3192
is_linear=0
shrinkage=0.06


Tree=10
num_leaves=7
num_cat=0
split_feature=2 5 2 6 5 15
split_gain=4704.8 74.1117 288.884 14.7599 11.2942 1.41603
threshold=0.61255735684868295 -0.018607237355575987 0.083703467323609018 0.55159304893288219 0.030415660494202548 0.4573218412859848
decision_type=2 2 2 2 2 2
left_child=1 2 -1 -3 5 -2
right_child=4 3 -4 -5 -6 -7
leaf_value=-0.070587543939972158 0.082374616432385722 -0.080817768624662001 0.080490824382990808 0.036267609544608226 0.020704599376990051 0.061525303382542924
leaf_weight=333.61558704078197 1321.0944728553295 1120.6953973323107 52.771253079175949 3.8894104808568946 10.842777565121649 11.832169637084005
leaf_count=2364 3179 8525 126 17 37 32
internal_value=1.56157e-05 -0.0726238 -0.0499538 -0.0804128 0.0816934 0.0821895
internal_weight=2854.74 1510.97 386.387 1124.58 1343.77 1332.93
internal_count=14280 11032 2490 8542 3248 3211
is_linear=0
shrinkage=0.06


Tree=11
num_leaves=7
num_cat=0
split_feature=2 5 2 5 6 15
split_gain=4324.43 70.2444 263.822 15.3907 14.4531 1.45507
threshold=0.61255735684868295 -0.018607237355575987 0.066600180874282003 0.030772286043003309 0.43073380258638289 0.4573218412859848
decision_type=2 2 2 2 2 2
left_child=1 2 -1 5 -3 -2
right_child=3 4 -4 -5 -6 -7
leaf_value=-0.068889716843099982 0.080638465179896535 -0.079978530094359429 0.075376580659742703 0.00074578087171050188 -0.044666552181094527 0.059252609426678683
leaf_weight=321.78685508668423 1272.641088694334 1039.8190220445395 53.17433375120163 8.7821688503026945 43.471579313278198 11.557344436645506
leaf_count=2356 3183 8232 134 33 310 32
internal_value=1.83729e-05 -0.070814 -0.0484309 0.0799047 -0.0785615 0.080446
internal_weight=2751.23 1458.25 374.961 1292.98 1083.29 1284.2
internal_count=14280 11032 2490 3248 8542 3215
is_linear=0
shrinkage=0.06


Tree=12
num_leaves=8
num_cat=0
split_feature=3 5 2 2 3 4 4
split_gain=3982.33 60.0959 228.262 21.3224 9.72878 12.6215 0.102344
threshold=0.85475813382812482 -0.021416182108239919 0.0094077175963178678 0.5023560484959334 0.97741606689360461 0.030505015155564197 0.046570060797647278
decision_type=2 2 2 2 2 2 2
left_child=1 2 -1 -3 5 -2 -6
right_child=4 3 -4 -5 6 -7 -8
leaf_value=-0.068274594179893594 0.083676645860731064 -0.077813466944243861 0.06919395629141295 -0.036746513836576393 0.078889469352990377 -0.019396322330229903 0.08514007728226608
leaf_weight=276.78609216213226 8.7661392986774462 1029.5899604931474 51.58883111178875 47.620004884898663 1215.2295788675547 8.3512479215860349 9.5039318203926069
leaf_count=2109 21 8453 143 327 3169 35 23
internal_value=2.1101e-05 -0.0691482 -0.0466778 -0.075998 0.0783101 0.0333893 0.078938
internal_weight=2647.44 1405.58 328.375 1077.21 1241.85 17.1174 1224.73
internal_count=14280 11032 2252 8780 3248 56 3192
is_linear=0
shrinkage=0.06


Tree=13
num_leaves=7
num_cat=0
split_feature=2 5 2 6 5 15
split_gain=3672.39 63.8981 225.257 14.7411 14.5668 1.46495
threshold=0.61255735684868295 -0.018607237355575987 0.0094077175963178678 0.43073380258638289 0.030772286043003309 0.4573218412859848
decision_type=2 2 2 2 2 2
left_child=1 2 -1 -3 5 -2
right_child=4 3 -4 -5 -6 -7
leaf_value=-0.067457645092973417 0.077608038907517343 -0.076855916057948073 0.059941868452222609 -0.040182618967901582 -0.00037785919208163768 0.055600429642886209
leaf_weight=291.52340901643038 1171.8186102211475 960.04334669560194 60.296626456081867 41.148977309465408 8.7319413870573026 10.990881711244581
leaf_count=2306 3183 8232 184 310 33 32
internal_value=2.38422e-05 -0.0676192 -0.0456233 -0.0753486 0.0768335 0.0774035
internal_weight=2544.55 1353.01 351.82 1001.19 1191.54 1182.81
internal_count=14280 11032 2490 8542 3248 3215
is_linear=0
shrinkage=0.06


Tree=14
num_leaves=8
num_cat=0
split_feature=3 5 3 2 3 4 4
split_gain=3390.28 55.0906 192.732 21.0567 9.35355 11.4049 0.0902581
threshold=0.85475813382812482 -0.02208290392789905 -0.038624320145927975 0.5023560484959334 0.97741606689360461 0.030505015155564197 0.046570060797647278
decision_type=2 2 2 2 2 2 2
left_child=1 2 -1 -3 5 -2 -6
right_child=4 3 -4 -5 6 -7 -8
leaf_value=-0.065961329139580499 0.08090574177714778 -0.074807743698216397 0.059928929792140699 -0.033003483871340979 0.076130501062661657 -0.018969022874611437 0.082208594148923564
leaf_weight=246.32030536979437 8.1760343015193957 956.4929765611887 53.242705926299095 45.436789691448212 1115.7076393514872 8.2890148013830167 8.8652514815330488
leaf_count=2014 21 8512 179 327 3169 35 23
internal_value=2.57704e-05 -0.0661621 -0.0435863 -0.072912 0.0755211 0.0306257 0.0761784
internal_weight=2442.53 1301.49 299.563 1001.93 1141.04 16.465 1124.57
internal_count=14280 11032 2193 8839 3248 56 3192
is_linear=0
shrinkage=0.06


Tree=15
num_leaves=7
num_cat=0
split_feature=2 5 2 6 5 15
split_gain=3134.34 59.1377 195.339 15.1948 13.9094 1.5
threshold=0.61255735684868295 -0.018607237355575987 0.083703467323609018 0.43073380258638289 0.030772286043003309 0.4573218412859848
decision_type=2 2 2 2 2 2
left_child=1 2 -1 -3 5 -2
right_child=4 3 -4 -5 -6 -7
leaf_value=-0.061428025791171854 0.075111987863069107 -0.074256162818186977 0.072877512424929194 -0.035951804443371198 -0.0013897730527108005 0.052249602988660881
leaf_weight=284.48817227035761 1073.1590357422829 881.9594087600708 45.17648258805275 38.927833653986454 8.6742780059576017 10.431617461144922
leaf_count=2364 3183 8232 126 310 33 32
internal_value=2.83661e-05 -0.0648303 -0.0430231 -0.072637 0.0742861 0.0748919
internal_weight=2342.82 1250.55 329.665 920.887 1092.26 1083.59
internal_count=14280 11032 2490 8542 3248 3215
is_linear=0
shrinkage=0.06


Tree=16
num_leaves=7
num_cat=0
split_feature=2 5 2 5 6 15
split_gain=2899.84 56.7696 179.105 18.4143 15.3938 1.56274
threshold=0.61255735684868295 -0.018607237355575987 0.0094077175963178678 0.03110782180406034 0.55159304893288219 0.4573218412859848
decision_type=2 2 2 2 2 2
left_child=1 2 -1 5 -3 -2
right_child=3 4 -4 -5 -6 -7
leaf_value=-0.062591900971746911 0.074028899458528863 -0.071927266294044764 0.055758299326046729 -0.027089251501080418 0.051961823954297805 0.050397565725954323
leaf_weight=262.92520779371262 1027.237890124321 877.99913816899061 55.803619593381882 6.5543380677700034 3.6255306154489508 10.17405793070793
leaf_count=2306 3188 8525 184 28 17 32
internal_value=3.17797e-05 -0.0635722 -0.0418709 0.0731637 -0.0714178 0.0737971
internal_weight=2244.32 1200.35 318.729 1043.97 881.625 1037.41
internal_count=14280 11032 2490 3248 8542 3220
is_linear=0
shrinkage=0.06


Tree=17
num_leaves=7
num_cat=0
split_feature=3 5 2 15 5 3
split_gain=2685.62 49.4086 157.729 20.9041 11.2038 1.61948
threshold=0.85475813382812482 -0.018607237355575987 0.083703467323609018 0.4573218412859848 0.03110782180406034 0.97741606689360461
decision_type=2 2 2 2 2 2
left_child=1 2 -1 -3 5 -2
right_child=4 3 -4 -5 -6 -7
leaf_value=-0.058339852175741919 0.050121264805194028 -0.070585415034598892 0.0697799665090022 0.045974793659457114 -0.010404387117855195 0.072931137206340341
leaf_weight=265.95061384886503 11.335268184542654 840.73514011502266 39.764759689569473 5.5757504850625983 5.8790067285299292 978.92774378508329
leaf_count=2364 37 8519 119 30 24 3187
internal_value=3.41004e-05 -0.0623493 -0.0416752 -0.0698175 0.0721798 0.07267
internal_weight=2148.17 1152.03 305.715 846.311 996.142 990.263
internal_count=14280 11032 2483 8549 3248 3224
is_linear=0
shrinkage=0.06


Tree=18
num_leaves=7
num_cat=0
split_feature=2 5 1 5 6 15
split_gain=2489.85 52.7445 154.527 16.6644 16.4912 1.73481
threshold=0.61255735684868295 -0.018607237355575987 69.035794472358461 0.03110782180406034 0.43073380258638289 0.4573218412859848
decision_type=2 2 2 2 2 2
left_child=1 2 -1 5 -3 -2
right_child=3 4 -4 -5 -6 -7
leaf_value=0.014399153831266618 0.072118474179903039 -0.071073472842238541 -0.074231854510194456 -0.02389435632769531 -0.029170995932193987 0.046479259940891443
leaf_weight=116.05501756817102 934.80945412814617 770.76485649496317 181.67493585497141 6.5889019370079032 35.363788433372974 9.5979991704225522
leaf_count=740 3188 8232 1750 28 310 32
internal_value=3.80545e-05 -0.0612646 -0.0396835 0.0711945 -0.0692353 0.0718579
internal_weight=2054.85 1103.86 297.73 950.996 806.129 944.407
internal_count=14280 11032 2490 3248 8542 3220
is_linear=0
shrinkage=0.06


Tree=19
num_leaves=7
num_cat=0
split_feature=3 5 2 2 5 15
split_gain=2307.56 47.8288 147.29 23.0802 10.1061 1.70212
threshold=0.85475813382812482 -0.023684550117931448 -0.057340910699039675 0.5023560484959334 0.03110782180406034 0.4573218412859848
decision_type=2 2 2 2 2 2
left_child=1 2 -1 -3 5 -2
right_child=4 3 -4 -5 -6 -7
leaf_value=-0.060461818500114943 0.071117312123805398 -0.069115509577750978 0.056295114187473433 -0.022085034593052388 -0.0079581277465694857 0.041791427663068176
leaf_weight=187.67482327669859 892.69025906920433 784.3020267188549 49.065593883395195 39.454697318375111 5.8912995606660834 7.1824113205075255
leaf_count=1831 3198 8666 207 328 24 26
internal_value=3.82507e-05 -0.060032 -0.0362634 -0.0668629 0.0703704 0.0708832
internal_weight=1966.26 1060.5 236.74 823.757 905.764 899.873
internal_count=14280 11032 2038 8994 3248 3224
is_linear=0
shrinkage=0.06


Tree=20
num_leaves=7
num_cat=0
split_feature=2 5 1 6 5 15
split_gain=2141.91 51.2333 142.197 17.167 15.4044 1.77257
threshold=0.61255735684868295 -0.018607237355575987 69.035794472358461 0.43073380258638289 0.03110782180406034 0.4573218412859848
decision_type=2 2 2 2 2 2
left_child=1 2 -1 -3 5 -2
right_child=4 3 -4 -5 -6 -7
leaf_value=0.014730305650322661 0.07050190442547706 -0.069335502876949992 -0.072356451340130856 -0.025383577332998453 -0.021711526539071244 0.044017298268957332
leaf_weight=113.21620454639196 847.74973264336586 702.01895336061716 167.14937956631184 33.519585192203522 6.6126803606748572 9.1960942596197111
leaf_count=740 3188 8232 1750 310 28 32
internal_value=4.0903e-05 -0.0590137 -0.0371894 -0.0673325 0.0695137 0.0702177
internal_weight=1879.46 1015.9 280.366 735.539 863.559 856.946
internal_count=14280 11032 2490 8542 3248 3220
is_linear=0
shrinkage=0.06


Tree=21
num_leaves=7
num_cat=0
split_feature=2 5 2 5 6 15
split_gain=1987.42 50.6544 135.224 24.7921 17.1196 1.85063
threshold=0.61255735684868295 -0.018607237355575987 0.083703467323609018 0.031422037817923472 0.43073380258638289 0.4573218412859848
decision_type=2 2 2 2 2 2
left_child=1 2 -1 5 -3 -2
right_child=3 4 -4 -5 -6 -7
leaf_value=-0.053193144750254967 0.069826683216721475 -0.068526189395937645 0.067654801489086883 -0.072699521649484816 -0.024253012463603032 0.042429869266557001
leaf_weight=234.00976476073265 808.53614139556885 668.70658132433891 38.870128095149994 4.4362019002437583 32.993711940944195 8.9746311232447606
leaf_count=2364 3193 8232 126 23 310 32
internal_value=4.09704e-05 -0.0579142 -0.0359791 0.0687583 -0.0664445 0.0695259
internal_weight=1796.53 974.58 272.88 821.947 701.7 817.511
internal_count=14280 11032 2490 3248 8542 3225
is_linear=0
shrinkage=0.06


Tree=22
num_leaves=7
num_cat=0
split_feature=3 5 1 2 5 3
split_gain=1846.92 44.7097 128.464 23.7481 8.71227 1.8856
threshold=0.85475813382812482 -0.023684550117931448 68.842319698236466 0.43513613749184549 0.03110782180406034 0.97741606689360461
decision_type=2 2 2 2 2 2
left_child=1 2 -1 -3 5 -2
right_child=4 3 -4 -5 -6 -7
leaf_value=0.026497005226850879 0.042564009759884176 -0.067516536557713946 -0.069118999336393594 -0.029316200869880286 -0.0046597573038029746 0.069018694548887122
leaf_weight=81.41979306936264 9.8239361122250539 654.19036827236414 133.57073274254799 64.349139556288719 5.8748137652873984 765.25658817589283
leaf_count=533 37 8342 1505 652 24 3187
internal_value=4.5347e-05 -0.056913 -0.0329079 -0.0640955 0.0681317 0.0686834
internal_weight=1714.49 933.53 214.991 718.54 780.955 775.081
internal_count=14280 11032 2038 8994 3248 3224
is_linear=0
shrinkage=0.06


Tree=23
num_leaves=7
num_cat=0
split_feature=2 5 2 5 6 15
split_gain=1715.9 48.9461 124.99 22.5851 17.831 1.95053
threshold=0.61255735684868295 -0.018607237355575987 -0.057340910699039675 0.031422037817923472 0.43073380258638289 0.4573218412859848
decision_type=2 2 2 2 2 2
left_child=1 2 -1 5 -3 -2
right_child=3 4 -4 -5 -6 -7
leaf_value=-0.058148672492170386 0.068558910590864108 -0.06710518934225386 0.038296792567376385 -0.067375845392063302 -0.020723523060797781 0.039680871593782745
leaf_weight=191.45043589919806 730.40146838128567 607.01731486618519 64.729724042117596 4.4483662247657767 31.381725691258907 8.5183331519365293
leaf_count=2162 3193 8232 328 23 310 32
internal_value=4.62968e-05 -0.0559347 -0.0337795 0.0674146 -0.0648252 0.068226
internal_weight=1637.95 894.579 256.18 743.368 638.399 738.92
internal_count=14280 11032 2490 3248 8542 3225
is_linear=0
shrinkage=0.06


Tree=24
num_leaves=7
num_cat=0
split_feature=2 5 1 5 6 15
split_gain=1595.38 47.7567 122.359 21.0599 17.7848 2.02564
threshold=0.61255735684868295 -0.018607237355575987 69.035794472358461 0.031422037817923472 0.43073380258638289 0.4573218412859848
decision_type=2 2 2 2 2 2
left_child=1 2 -1 5 -3 -2
right_child=3 4 -4 -5 -6 -7
leaf_value=0.015641124385443808 0.06798448491612466 -0.066431401693196251 -0.069443651160969455 -0.063306357983403561 -0.019753304772432301 0.03820627985320723
leaf_weight=106.81945729255676 693.50097976624966 577.28913479298353 141.37915977090597 4.4501498937606803 30.960959605872631 8.3223855718970281
leaf_count=740 3193 8232 1750 23 310 32
internal_value=4.78237e-05 -0.0550048 -0.032825 0.0668063 -0.0640554 0.0676314
internal_weight=1562.72 856.449 248.199 706.274 608.25 701.823
internal_count=14280 11032 2490 3248 8542 3225
is_linear=0
shrinkage=0.06


Tree=25
num_leaves=8
num_cat=0
split_feature=2 5 15 5 6 4 2
split_gain=1484.12 46.1442 117.713 44.3522 16.9495 1.14574 0.667439
threshold=0.58511334833083606 -0.018607237355575987 0.013109467477177594 0.031714718736631661 0.55159304893288219 0.033501272389645183 0.61255735684868295
decision_type=2 2 2 2 2 2 2
left_child=1 2 -1 5 -3 -2 -5
right_child=3 4 -4 6 -6 -7 -8
leaf_value=0.10932444625786539 0.067662611014530943 -0.064598033332407281 -0.044936943182843088 -0.072445311294574891 0.072197685493833735 0.055987348391177354 -0.11140004916431466
leaf_weight=19.372216947376728 639.79055985063314 570.54426263272762 220.53605457395315 3.0957486480474463 3.2794783487915984 31.761275984346867 3.2412333786487579
leaf_count=73 3105 8475 2411 36 17 143 20
internal_value=4.77049e-05 -0.0545777 -0.0324806 0.0656196 -0.0638162 0.0671104 -0.0923698
internal_weight=1491.62 813.732 239.908 677.889 573.824 671.552 6.33698
internal_count=14280 10976 2484 3304 8492 3248 56
is_linear=0
shrinkage=0.06


Tree=26
num_leaves=8
num_cat=0
split_feature=2 5 1 5 3 3 2
split_gain=1379.2 46.2835 111.821 41.2329 18.4137 7.17126 0.505071
threshold=0.58511334833083606 -0.023684550117931448 69.035794472358461 0.031714718736631661 0.45177350387525322 0.79589565863703071 0.61255735684868295
decision_type=2 2 2 2 2 2 2
left_child=1 2 -1 5 -3 -2 -5
right_child=3 4 -4 6 -6 -7 -8
leaf_value=0.024255158721504806 0.2475346879376597 -0.066534399017164764 -0.06802457234913413 -0.071615637551253664 -0.037446455490136525 0.066343828866480492 -0.10603310795265439
leaf_weight=83.427925989031792 0.78734003752469917 494.85810288786888 109.08336117863655 2.9482096880674353 93.082869060337543 636.65914047509432 3.2021069526672363
leaf_count=568 4 7696 1470 36 1242 3244 20
internal_value=5.27583e-05 -0.0535683 -0.0280336 0.0650759 -0.0619292 0.0665676 -0.0895348
internal_weight=1424.05 780.452 192.511 643.597 587.941 637.446 6.15032
internal_count=14280 10976 2038 3304 8938 3248 56
is_linear=0
shrinkage=0.06


Tree=27
num_leaves=7
num_cat=0
split_feature=2 5 1 6 5 15
split_gain=1282.42 46.8102 108.813 19.0917 17.0871 2.48967
threshold=0.61255735684868295 -0.018607237355575987 69.035794472358461 0.43073380258638289 0.031422037817923472 0.4573218412859848
decision_type=2 2 2 2 2 2
left_child=1 2 -1 -3 5 -2
right_child=4 3 -4 -5 -6 -7
leaf_value=0.015283737171824734 0.066502774154419367 -0.0646931277951662 -0.067633381770509815 -0.014256164657298072 -0.053483954553908288 0.031711330095566453
leaf_weight=105.57374420017004 592.24298217147589 497.06006383895874 123.77752404659986 28.570708975195885 4.3349681049585334 7.4983043745160094
leaf_count=740 3193 8232 1750 310 23 32
internal_value=5.15954e-05 -0.0520828 -0.0294654 -0.0619516 0.0652099 0.0660678
internal_weight=1359.06 754.982 229.351 525.631 604.076 599.741
internal_count=14280 11032 2490 8542 3248 3225
is_linear=0
shrinkage=0.06


Tree=28
num_leaves=8
num_cat=0
split_feature=2 5 15 5 7 3 2
split_gain=1193.99 45.452 101.798 36.6773 17.8229 4.95427 0.337441
threshold=0.58511334833083606 -0.018607237355575987 0.013109467477177594 0.031714718736631661 -0.21815110138429869 0.79589565863703071 0.61255735684868295
decision_type=2 2 2 2 2 2 2
left_child=1 2 -1 5 -3 -2 -5
right_child=3 4 -4 6 -6 -7 -8
leaf_value=0.10306059658461837 0.20684261796728667 0.11244916615498692 -0.041648914555504055 -0.070327373902234952 -0.06258107495735922 0.0653780300278725 -0.09930734025785605
leaf_weight=19.153578974306583 0.89261233806610008 2.1033094264566889 202.75363843142986 2.7009053453803054 492.92529255896807 573.01839911192656 3.1143055558204651
leaf_count=73 4 27 2411 36 8465 3244 20
internal_value=5.12504e-05 -0.0517226 -0.0291585 0.0640789 -0.0618374 0.0655981 -0.0858474
internal_weight=1296.66 716.936 221.907 579.726 495.029 573.911 5.81521
internal_count=14280 10976 2484 3304 8492 3248 56
is_linear=0
shrinkage=0.06


Tree=29
num_leaves=7
num_cat=0
split_feature=2 5 3 5 6 15
split_gain=1109.86 45.9417 102.661 21.7352 20.0386 2.77479
threshold=0.61255735684868295 -0.018607237355575987 -0.080038467224455234 0.031714718736631661 0.43073380258638289 0.4573218412859848
decision_type=2 2 2 2 2 2
left_child=1 2 -1 5 -3 -2
right_child=3 4 -4 -5 -6 -7
leaf_value=-0.05307253854930833 0.0656919275292977 -0.063659477627399458 0.038486733249891082 -0.095625087914390519 -0.010608596439299987 0.027770160489311184
leaf_weight=157.2445532977581 533.20899326354265 449.07048067450523 61.262556053698063 3.0423520952463141 27.183750480413437 7.0380220785737029
leaf_count=2159 3196 8232 331 20 310 32
internal_value=5.53311e-05 -0.0501806 -0.0274022 0.0642973 -0.0606314 0.0651979
internal_weight=1238.05 694.761 218.507 543.289 476.254 540.247
internal_count=14280 11032 2490 3248 8542 3228
is_linear=0
shrinkage=0.06


Tree=30
num_leaves=8
num_cat=0
split_feature=2 5 1 5 3 5 2
split_gain=1034.41 45.1621 97.4496 32.0881 20.3273 1.97083 0.201252
threshold=0.58511334833083606 -0.023684550117931448 69.035794472358461 0.031714718736631661 0.45177350387525322 0.024594034051010284 0.61255735684868295
decision_type=2 2 2 2 2 2 2
left_child=1 2 -1 5 -3 -2 -5
right_child=3 4 -4 6 -6 -7 -8
leaf_value=0.024164030777977352 0.065560669204536487 -0.064755823405354629 -0.066020181563979916 -0.06921506548422976 -0.031635283980251006 0.048354502458818338 -0.092404916576730958
leaf_weight=81.412075258791447 490.78457529842854 405.6378747113049 91.740835443139076 2.4713639542460433 79.839348945766687 25.195610225200653 2.9619148522615433
leaf_count=568 3114 7696 1470 36 1242 134 20
internal_value=5.68432e-05 -0.0499258 -0.0236179 0.0631931 -0.059309 0.0647205 -0.0818569
internal_weight=1180.04 658.63 173.153 521.413 485.477 515.98 5.43328
internal_count=14280 10976 2038 3304 8938 3248 56
is_linear=0
shrinkage=0.06


Tree=31
num_leaves=8
num_cat=0
split_feature=2 5 1 5 6 5 2
split_gain=962.716 43.9525 92.8377 29.9521 18.6471 2.16768 0.157486
threshold=0.58511334833083606 -0.018607237355575987 69.231300764883727 0.031714718736631661 0.43073380258638289 0.024594034051010284 0.61255735684868295
decision_type=2 2 2 2 2 2 2
left_child=1 2 -1 5 -3 -2 -5
right_child=3 4 -4 6 -6 -7 -8
leaf_value=0.013951336495523362 0.065224469009238353 -0.063129408295166015 -0.066821787509989308 -0.068622380322611962 -0.0097654478176978504 0.046893331415946191 -0.089569218394397423
leaf_weight=103.08480943366885 464.51343519985676 401.57497917488217 101.82814462482929 2.346931815147399 25.043210260570049 24.445145584642887 2.8749925792217255
leaf_count=769 3114 8191 1715 36 301 134 20
internal_value=5.63882e-05 -0.0490267 -0.0261875 0.0627815 -0.0599969 0.064308 -0.0801549
internal_weight=1125.71 631.531 204.913 494.181 426.618 488.959 5.22192
internal_count=14280 10976 2484 3304 8492 3248 56
is_linear=0
shrinkage=0.06


Tree=32
num_leaves=8
num_cat=0
split_feature=2 5 5 2 6 4 2
split_gain=896.37 60.2028 45.1953 83.1215 12.7206 6.79336 0.211661
threshold=0.51858470621564845 0.031714718736631661 -0.023684550117931448 -0.12998266336560246 0.55159304893288219 0.035712851200166547 0.61255735684868295
decision_type=2 2 2 2 2 2 2
left_child=2 5 3 -1 -4 -2 -3
right_child=1 6 4 -5 -6 -7 -8
leaf_value=-0.055078775427453326 0.065327164107185531 -0.068171530155037102 -0.060919082979763589 0.034307261172894558 0.076579445195116072 0.032918983920801913 -0.087056858157100375
leaf_weight=104.14695557206869 449.87585958838463 9.1931529790163022 422.30077384784818 58.483222413808107 2.4362002313137046 24.556073896586895 2.7832798808813086
leaf_count=1596 3184 144 8707 435 14 180 20
internal_value=5.49087e-05 0.060296 -0.0498317 -0.0229348 -0.0601304 0.0636498 -0.0725604
internal_weight=1073.78 486.408 587.367 162.63 424.737 474.432 11.9764
internal_count=14280 3528 10752 2031 8721 3364 164
is_linear=0
shrinkage=0.06


Tree=33
num_leaves=7
num_cat=0
split_feature=2 5 1 6 5 15
split_gain=834.643 42.9448 88.4737 21.0606 16.3688 3.45967
threshold=0.61255735684868295 -0.018607237355575987 69.231300764883727 0.43073380258638289 0.031714718736631661 0.4573218412859848
decision_type=2 2 2 2 2 2
left_child=1 2 -1 -3 5 -2
right_child=4 3 -4 -5 -6 -7
leaf_value=0.01468063013642132 0.064333456811618034 -0.061849373378572089 -0.066119514915699201 -0.0050998460150170465 -0.084819019076666696 0.018834639312841624
leaf_weight=102.5344052799046 428.66603048145771 365.91249316185713 93.066668726503849 25.161095134913921 2.688210353255271 6.1020494662225238
leaf_count=775 3196 8232 1715 310 20 32
internal_value=5.51264e-05 -0.0467176 -0.0237639 -0.0581982 0.0627822 0.0636949
internal_weight=1024.13 586.675 195.601 391.074 437.456 434.768
internal_count=14280 11032 2490 8542 3248 3228
is_linear=0
shrinkage=0.06


Tree=34
num_leaves=8
num_cat=0
split_feature=2 5 5 1 3 4 2
split_gain=779.585 53.4594 44.4057 76.3198 9.393 9.23266 0.130125
threshold=0.5023560484959334 0.0319856639713035 -0.023684550117931448 68.842319698236466 0.45177350387525322 0.035712851200166547 0.61255735684868295
decision_type=2 2 2 2 2 2 2
left_child=2 5 3 -1 -4 -2 -3
right_child=1 6 4 -5 -6 -7 -8
leaf_value=0.022295656860262476 0.064649172572685987 -0.067384314537129439 -0.063244887411158079 -0.062164410988923544 -0.035471838730352846 0.027251882148169475 -0.082998915683761026
leaf_weight=74.415698230266571 405.03454996645451 8.6375297605991346 331.04658589139581 79.837339576333761 50.530397038906813 25.246993225067854 2.4709611386060706
leaf_count=525 3208 148 7696 1505 970 209 19
internal_value=5.39807e-05 0.0590998 -0.048585 -0.0214187 -0.059567 0.0624549 -0.0708576
internal_weight=977.22 441.39 535.83 154.253 381.577 430.282 11.1085
internal_count=14280 3584 10696 2030 8666 3417 167
is_linear=0
shrinkage=0.06


Tree=35
num_leaves=8
num_cat=0
split_feature=2 5 5 3 6 3 2
split_gain=725.026 50.357 42.6535 75.035 12.0117 10.6022 0.105163
threshold=0.51858470621564845 0.031714718736631661 -0.022734491228271734 -0.080038467224455234 0.55159304893288219 0.74630715895743982 0.61255735684868295
decision_type=2 2 2 2 2 2 2
left_child=2 5 3 -1 -4 -2 -3
right_child=1 6 4 -5 -6 -7 -8
leaf_value=-0.046185751355551079 0.16244619331876731 -0.067011650002171644 -0.059616073075917188 0.047723163523102075 0.072799415564344244 0.061537527327699529 -0.081102399174963369
leaf_weight=115.27437076345086 3.7837473340332499 8.0425366796553117 357.97982391342521 41.714703287929296 2.4833141565322867 400.88491177931428 2.4993104860186568
leaf_count=1910 35 144 8612 216 14 3329 20
internal_value=5.21459e-05 0.0591085 -0.0473355 -0.0212325 -0.0587038 0.062481 -0.0703524
internal_weight=932.663 415.211 517.452 156.989 360.463 404.669 10.5418
internal_count=14280 3528 10752 2126 8626 3364 164
is_linear=0
shrinkage=0.06


Tree=36
num_leaves=7
num_cat=0
split_feature=3 3 4 5 5 15
split_gain=676.475 41.718 43.5399 35.7583 0.673831 0.111026
threshold=0.97741606689360461 0.45177350387525322 0.0074858671768535607 -0.023990486688102518 0.030415660494202548 0.4573218412859848
decision_type=2 2 2 2 2 2
left_child=1 3 -3 -1 5 -2
right_child=4 2 -4 -5 -6 -7
leaf_value=-0.025331908641350175 0.063612703541791549 0.074377601130799831 -0.027495847257680974 -0.062541245816385455 0.034529882361481745 0.051522243615567238
leaf_weight=134.64200363308191 355.92706660926342 18.945213466882706 74.473844457417727 300.45840970054269 2.9098329097032538 2.7554460130631915
leaf_count=1970 3163 73 1327 7718 12 17
internal_value=4.88948e-05 -0.0432158 -0.0068361 -0.0510268 0.0632865 0.0635198
internal_weight=890.112 528.519 93.4191 435.1 361.592 358.683
internal_count=14280 11088 1400 9688 3192 3180
is_linear=0
shrinkage=0.06


Tree=37
num_leaves=7
num_cat=0
split_feature=2 5 15 6 5 15
split_gain=630.075 39.8877 82.3501 22.5116 13.0627 3.97701
threshold=0.61255735684868295 -0.018607237355575987 0.013109467477177594 0.43073380258638289 0.031714718736631661 0.4573218412859848
decision_type=2 2 2 2 2 2
left_child=1 2 -1 -3 5 -2
right_child=4 3 -4 -5 -6 -7
leaf_value=0.099463712629514048 0.063296087011924518 -0.060289976608913061 -0.034415203001943707 0.0012623981654647379 -0.078944919381131781 0.011688394193902203
leaf_weight=18.474826227873564 343.9894362539053 299.09233491867781 157.95741109549999 23.038004904985428 2.3667741045355788 5.4609846882522097
leaf_count=76 3196 8232 2414 310 20 32
internal_value=5.6942e-05 -0.0433281 -0.0203963 -0.0558879 0.0615381 0.0624896
internal_weight=850.38 498.563 176.432 322.13 351.817 349.45
internal_count=14280 11032 2490 8542 3248 3228
is_linear=0
shrinkage=0.06


Tree=38
num_leaves=8
num_cat=0
split_feature=2 5 5 1 3 4 2
split_gain=587.919 43.1988 42.364 73.3978 10.7443 10.3993 0.0603871
threshold=0.5023560484959334 0.0319856639713035 -0.023990486688102518 69.231300764883727 0.45177350387525322 0.035712851200166547 0.61255735684868295
decision_type=2 2 2 2 2 2 2
left_child=2 5 3 -1 -4 -2 -3
right_child=1 6 4 -5 -6 -7 -8
leaf_value=0.022774666014904958 0.063686505780066183 -0.066164776836964742 -0.061906892498637928 -0.064809066324186593 -0.030146693295954329 0.021756790079431841 -0.077581173437580211
leaf_weight=74.685381609946489 326.158044423908 7.3361055068671686 270.96401905268431 63.932598609477282 44.666601993143559 22.781594887375832 2.1588058620691299
leaf_count=570 3208 148 7718 1435 973 209 19
internal_value=6.2851e-05 0.057513 -0.0452694 -0.0176202 -0.0574123 0.060949 -0.0687605
internal_weight=812.683 358.435 454.249 138.618 315.631 348.94 9.49491
internal_count=14280 3584 10696 2005 8691 3417 167
is_linear=0
shrinkage=0.06


Tree=39
num_leaves=7
num_cat=0
split_feature=3 3 4 5 5 15
split_gain=547.241 37.7771 37.3106 35.9354 1.09666 0.127227
threshold=0.97741606689360461 0.45177350387525322 0.0074858671768535607 -0.023990486688102518 0.030772286043003309 0.4573218412859848
decision_type=2 2 2 2 2 2
left_child=1 3 -3 -1 5 -2
right_child=4 2 -4 -5 -6 -7
leaf_value=-0.022541932711706656 0.062997745679605949 0.07320366950654357 -0.024626548633385946 -0.061533538668085412 0.019540995668696 0.049395702038174019
leaf_weight=127.28603908792138 300.94945561140776 17.608699411153793 69.136405132710934 256.68594484403729 2.1160004362463942 2.4960985891520968
leaf_count=1970 3166 73 1327 7718 9 17
internal_value=5.9444e-05 -0.0405289 -0.00476764 -0.0486079 0.0625857 0.0628859
internal_weight=776.279 470.717 86.7451 383.972 305.562 303.446
internal_count=14280 11088 1400 9688 3192 3183
is_linear=0
shrinkage=0.06


Tree=40
num_leaves=8
num_cat=0
split_feature=2 5 1 5 4 6 2
split_gain=509.72 41.2033 68.6216 39.2961 10.5502 9.67874 0.045652
threshold=0.5023560484959334 -0.020039172721670294 69.231300764883727 0.0319856639713035 0.035712851200166547 0.36264501207079552 0.61255735684868295
decision_type=2 2 2 2 2 2 2
left_child=1 2 -1 4 -2 -3 -5
right_child=3 5 -4 6 -6 -7 -8
leaf_value=0.016006092644397604 0.063248705948426243 -0.061896644008024616 -0.064418987553802112 -0.065646108566922601 0.020168915725593827 -0.024162217416110372 -0.075883385440085785
leaf_weight=87.624242596328259 292.12918471544981 236.69718291610479 67.701742440462112 6.8074456676840764 22.006868183612823 27.29224075563252 2.0375412181019783
leaf_count=713 3208 7724 1645 148 209 614 19
internal_value=6.76164e-05 -0.0435685 -0.0190487 0.056719 0.0602307 -0.0579955 -0.0680044
internal_weight=742.296 419.315 155.326 322.981 314.136 263.989 8.84499
internal_count=14280 10696 2358 3584 3417 8338 167
is_linear=0
shrinkage=0.06


Tree=41
num_leaves=7
num_cat=0
split_feature=3 3 5 4 5 15
split_gain=475.526 34.5703 36.0217 33.1287 1.14846 0.145557
threshold=0.97741606689360461 0.45177350387525322 -0.023990486688102518 0.0074858671768535607 0.030772286043003309 0.4573218412859848
decision_type=2 2 2 2 2 2
left_child=1 2 -1 -3 5 -2
right_child=4 3 -4 -5 -6 -7
leaf_value=-0.020683071181117531 0.062647508470632232 0.072402808260639273 -0.060902403661982539 -0.022776674865297268 0.017607915069171563 0.047440349690119982
leaf_weight=122.76198251917958 268.60127003490925 16.435641810297966 231.04985782317817 66.156681813299656 2.065406769514083 2.285176593810319
leaf_count=1970 3166 73 7718 1327 9 17
internal_value=6.2801e-05 -0.0387884 -0.0469475 -0.00383622 0.0621794 0.0625192
internal_weight=709.356 436.404 353.812 82.5923 272.952 270.886
internal_count=14280 11088 9688 1400 3192 3183
is_linear=0
shrinkage=0.06


Tree=42
num_leaves=7
num_cat=0
split_feature=3 5 2 6 5 15
split_gain=442.718 32.65 71.3947 28.37 1.17132 0.154269
threshold=0.97741606689360461 -0.018607237355575987 -0.12998266336560246 0.43073380258638289 0.030772286043003309 0.4573218412859848
decision_type=2 2 2 2 2 2
left_child=1 2 -1 -3 5 -2
right_child=4 3 -4 -5 -6 -7
leaf_value=-0.051331543302516693 0.062486795424234388 -0.05721328311363702 0.029960345166679857 0.010277402630297954 0.016738208045899289 0.046507850496727128
leaf_weight=90.417515717446804 253.58999486267567 237.5683425385505 68.251949049532413 24.758727442473173 2.0430658906698218 2.19394302740693
leaf_count=1885 3166 8265 609 329 9 17
internal_value=7.10507e-05 -0.0378484 -0.0163637 -0.0508434 0.0619883 0.0623497
internal_weight=678.824 420.997 158.669 262.327 257.827 255.784
internal_count=14280 11088 2494 8594 3192 3183
is_linear=0
shrinkage=0.06


Tree=43
num_leaves=8
num_cat=0
split_feature=2 5 15 5 5 4 2
split_gain=414.162 39.0753 68.1535 34.5907 10.6986 10.3723 0.0305668
threshold=0.5023560484959334 -0.018607237355575987 0.0072222242169392914 0.0319856639713035 0.030415660494202548 0.035712851200166547 0.61255735684868295
decision_type=2 2 2 2 2 2 2
left_child=1 2 -1 5 -3 -2 -5
right_child=3 4 -4 6 -6 -7 -8
leaf_value=0.10219832324135325 0.06282883353464587 -0.062624831862528707 -0.031187099477254634 -0.065107294836723992 -0.025069344093235031 0.018544266339604976 -0.073862916436323339
leaf_weight=15.343951154500244 247.63900174200535 189.6745311524719 136.19363863766193 6.1292550265789014 31.900099981576204 20.62608140334487 1.8743841871619222
leaf_count=64 3208 7317 2408 148 907 209 19
internal_value=7.15293e-05 -0.0411603 -0.0176811 0.0557568 -0.057218 0.0594239 -0.0671578
internal_weight=649.381 373.112 151.538 276.269 221.575 268.265 8.00364
internal_count=14280 10696 2472 3584 8224 3417 167
is_linear=0
shrinkage=0.06


Tree=44
num_leaves=7
num_cat=0
split_feature=3 2 5 5 5 15
split_gain=384.621 31.9163 33.9659 32.7361 1.21936 0.174135
threshold=0.97741606689360461 0.2791952448128257 -0.023990486688102518 -1.0000000180025095e-35 0.030772286043003309 0.4573218412859848
decision_type=2 2 2 2 2 2
left_child=1 2 -1 -3 5 -2
right_child=4 3 -4 -5 -6 -7
leaf_value=-0.019361511145592411 0.062198954133975581 0.071094560645627178 -0.060666130738649821 -0.022106997066396992 0.014970959362822096 0.044465540015689697
leaf_weight=114.68085473030806 226.13207511603832 16.88784784078598 191.10850496590137 68.992916416376829 1.9984974265098561 2.0111733675003043
leaf_count=1963 3166 80 7445 1600 9 17
internal_value=7.35361e-05 -0.0360987 -0.0451756 -0.00377957 0.0616339 0.0620426
internal_weight=621.812 391.67 305.789 85.8808 230.142 228.143
internal_count=14280 11088 9408 1680 3192 3183
is_linear=0
shrinkage=0.06


Tree=45
num_leaves=8
num_cat=0
split_feature=2 5 1 5 3 4 2
split_gain=358.552 38.3843 65.3989 31.5201 11.7804 10.4638 0.0233773
threshold=0.5023560484959334 -0.025180725891478909 69.231300764883727 0.0319856639713035 0.32206828696117468 0.035712851200166547 0.61255735684868295
decision_type=2 2 2 2 2 2 2
left_child=1 2 -1 5 -3 -2 -5
right_child=3 4 -4 6 -6 -7 -8
leaf_value=0.028446605974425245 0.062459719806264608 -0.061330163464851373 -0.063695077691806393 -0.064693640922535017 -0.030568182251831128 0.017153451865025832 -0.072601373310171816
leaf_weight=65.143418222665787 221.77317295223475 172.45698117651045 48.284934066236019 5.6905911955982438 60.55173160135746 20.007152367383242 1.762732572853565
leaf_count=520 3208 6903 1365 148 1908 209 19
internal_value=8.19e-05 -0.0394016 -0.0107769 0.0549643 -0.0533361 0.0587107 -0.0665638
internal_weight=595.671 346.437 113.428 249.234 233.009 241.78 7.45332
internal_count=14280 10696 1885 3584 8811 3417 167
is_linear=0
shrinkage=0.06


Tree=46
num_leaves=7
num_cat=0
split_feature=3 3 5 5 5 15
split_gain=334.201 29.1418 39.4062 30.9165 1.26397 0.195004
threshold=0.97741606689360461 0.32206828696117468 -0.0065339928451527375 -0.025180725891478909 0.030772286043003309 0.4573218412859848
decision_type=2 2 2 2 2 2
left_child=1 3 -3 -1 5 -2
right_child=4 2 -4 -5 -6 -7
leaf_value=-0.018647598164279282 0.061946348452586196 0.068944650757713027 -0.025428498749180035 -0.060995334715196775 0.013331955263560239 0.042357582555499027
leaf_weight=100.11858619004488 201.57929290086031 19.769711054861546 81.975481260567904 163.27865177206695 1.9581744000315655 1.8462526164948929
leaf_count=1833 3166 96 2256 6903 9 17
internal_value=7.66055e-05 -0.0343639 -0.00709122 -0.0448988 0.0613068 0.0617686
internal_weight=570.526 365.142 101.745 263.397 205.384 203.426
internal_count=14280 11088 2352 8736 3192 3183
is_linear=0
shrinkage=0.06


Tree=47
num_leaves=7
num_cat=0
split_feature=3 5 1 6 5 15
split_gain=311.219 27.6096 63.6225 29.1426 1.28177 0.204464
threshold=0.97741606689360461 -0.018607237355575987 69.231300764883727 0.43073380258638289 0.030772286043003309 0.4573218412859848
decision_type=2 2 2 2 2 2
left_child=1 2 -1 -3 5 -2
right_child=4 3 -4 -5 -6 -7
leaf_value=0.018842087128929569 0.06182949557142807 -0.05511042753018365 -0.06339023967894003 0.016534580459733349 0.012642980011715661 0.041389008296817562
leaf_weight=87.221810400485992 190.18811999261379 187.31855894811451 55.374809321016073 22.942280154675245 1.9415184631943692 1.778191503137349
leaf_count=779 3166 8265 1715 329 9 17
internal_value=8.54723e-05 -0.0334714 -0.0130913 -0.047293 0.0611496 0.0616402
internal_weight=546.765 352.857 142.597 210.261 193.908 191.966
internal_count=14280 11088 2494 8594 3192 3183
is_linear=0
shrinkage=0.06


Tree=48
num_leaves=8
num_cat=0
split_feature=2 5 15 5 5 4 2
split_gain=291.752 35.6426 58.0977 27.7813 12.3422 10.1931 0.0157059
threshold=0.5023560484959334 -0.018607237355575987 0.013109467477177594 0.0319856639713035 0.030415660494202548 0.035712851200166547 0.61255735684868295
decision_type=2 2 2 2 2 2 2
left_child=1 2 -1 5 -3 -2 -5
right_child=3 4 -4 6 -6 -7 -8
leaf_value=0.094709509367973607 0.062165901730135871 -0.062008099983355838 -0.028170056724157521 -0.064275387772383563 -0.018151228067459082 0.015890432801266542 -0.07106775778261791
leaf_weight=15.634733710438011 188.10816533491015 146.23924463428557 121.45813173986971 5.1211289949715129 27.433890406042337 18.853399053215981 1.611070893704891
leaf_count=69 3208 7317 2403 148 907 209 19
internal_value=8.2263e-05 -0.0370269 -0.0141563 0.0540486 -0.0550803 0.0579504 -0.0659009
internal_weight=524.46 310.766 137.093 213.694 173.673 206.962 6.7322
internal_count=14280 10696 2472 3584 8224 3417 167
is_linear=0
shrinkage=0.06


Tree=49
num_leaves=7
num_cat=0
split_feature=3 3 5 5 5 15
split_gain=270.357 27.1755 33.1625 30.8088 1.32248 0.226964
threshold=0.97741606689360461 0.32206828696117468 -0.0065339928451527375 -0.025180725891478909 0.030772286043003309 0.4573218412859848
decision_type=2 2 2 2 2 2
left_child=1 3 -3 -1 5 -2
right_child=4 2 -4 -5 -6 -7
leaf_value=-0.016292842281871091 0.061621019746026053 0.067875013946896143 -0.02200635757511514 -0.060452257610422021 0.011150410663968895 0.039164152752977979
leaf_weight=95.457374999299645 169.43399193882942 18.356947347521782 75.793273760005832 140.72278893552721 1.9060373455286015 1.6358146090060461
leaf_count=1833 3166 96 2256 6903 9 17
internal_value=8.30025e-05 -0.0317386 -0.00448173 -0.0426043 0.0608525 0.0614063
internal_weight=503.306 330.33 94.1502 236.18 172.976 171.07
internal_count=14280 11088 2352 8736 3192 3183
is_linear=0
shrinkage=0.06


Tree=50
num_leaves=8
num_cat=0
split_feature=2 5 2 5 6 4 2
split_gain=252.568 34.3535 56.094 25.2927 11.386 10.1833 0.0120606
threshold=0.5023560484959334 -0.023990486688102518 -0.12998266336560246 0.0319856639713035 0.36264501207079552 0.035712851200166547 0.61255735684868295
decision_type=2 2 2 2 2 2 2
left_child=1 2 -1 5 -3 -2 -5
right_child=3 4 -4 6 -6 -7 -8
leaf_value=-0.045253115107422109 0.061824235078176311 -0.057211201545749928 0.040877748943704335 -0.06393248487020721 -0.0098969055723891856 0.014759896567710248 -0.070089602747534258
leaf_weight=65.170824635773897 168.60041641630232 157.2663794066757 46.745746821165085 4.7491373829543582 20.722680384293199 18.351754646748304 1.5092683881521223
leaf_count=1582 3208 8077 423 148 614 209 19
internal_value=9.15778e-05 -0.0353246 -0.00927764 0.0532324 -0.0517026 0.0572043 -0.0654173
internal_weight=483.116 289.906 111.917 193.211 177.989 186.952 6.25841
internal_count=14280 10696 2005 3584 8691 3417 167
is_linear=0
shrinkage=0.06


Tree=51
num_leaves=7
num_cat=0
split_feature=3 2 5 1 5 15
split_gain=235.021 24.8054 30.8402 28.9818 1.35975 0.250479
threshold=0.97741606689360461 0.24406154444408659 -0.025180725891478909 74.571295414434886 0.030772286043003309 0.4573218412859848
decision_type=2 2 2 2 2 2
left_child=1 2 -1 -3 5 -2
right_child=4 3 -4 -5 -6 -7
leaf_value=-0.014292841246220177 0.061437689534481255 -0.027746528032802632 -0.05940637757987436 0.046089068521537054 0.0097729910942862212 0.036861311739827499
leaf_weight=93.723529061302543 150.92384424060583 55.959905160591006 130.52047145739198 29.084879321977496 1.8740268126130093 1.5078398603945959
leaf_count=1839 3166 1465 7065 719 9 17
internal_value=8.79779e-05 -0.0300868 -0.040551 -0.00249513 0.0605701 0.0611946
internal_weight=463.594 309.289 224.244 85.0448 154.306 152.432
internal_count=14280 11088 8904 2184 3192 3183
is_linear=0
shrinkage=0.06


Tree=52
num_leaves=7
num_cat=0
split_feature=3 5 1 6 5 15
split_gain=218.415 24.2728 58.911 28.2143 1.37252 0.260438
threshold=0.97741606689360461 -0.018607237355575987 69.231300764883727 0.38997858992787776 0.030772286043003309 0.4573218412859848
decision_type=2 2 2 2 2 2
left_child=1 2 -1 -3 5 -2
right_child=4 3 -4 -5 -6 -7
leaf_value=0.020952693164893631 0.061352070918354318 -0.054594535509207745 -0.062888886153712575 0.01147532198456119 0.0092478050583641863 0.035866016826688461
leaf_weight=82.980041325092316 142.32705369219184 143.55174563452601 47.406730361282825 27.769431738182902 1.8620073050260533 1.4582389406859864
leaf_count=779 3166 8033 1715 561 9 17
internal_value=9.03116e-05 -0.0290386 -0.00953088 -0.0438853 0.0604308 0.0610936
internal_weight=447.355 301.708 130.387 171.321 145.647 143.785
internal_count=14280 11088 2494 8594 3192 3183
is_linear=0
shrinkage=0.06


Tree=53
num_leaves=7
num_cat=0
split_feature=3 3 1 5 5 15
split_gain=203.424 23.8113 30.0648 29.6764 1.3845 0.270451
threshold=0.97741606689360461 0.32206828696117468 74.571295414434886 -0.023990486688102518 0.030772286043003309 0.4573218412859848
decision_type=2 2 2 2 2 2
left_child=1 3 -3 -1 5 -2
right_child=4 2 -4 -5 -6 -7
leaf_value=-0.015077108021869361 0.061271659748459023 -0.026147985196805609 0.04926094751282304 -0.060769660307862829 0.0087479272904552874 0.034869171448121898
leaf_weight=96.372084176167846 134.20914443209767 59.280578156933188 28.034364096820354 109.10010995157063 1.8506620302796353 1.4113845489919175
leaf_count=1948 3166 1702 650 6788 9 17
internal_value=8.49792e-05 -0.0281845 -0.0019363 -0.0393386 0.0602935 0.0609969
internal_weight=430.258 292.787 87.3149 205.472 137.471 135.621
internal_count=14280 11088 2352 8736 3192 3183
is_linear=0
shrinkage=0.06


Tree=54
num_leaves=7
num_cat=0
split_feature=3 5 1 7 5 15
split_gain=189.073 23.4353 55.866 26.8419 1.39571 0.280503
threshold=0.97741606689360461 -0.018607237355575987 69.231300764883727 -0.19434290390069006 0.030772286043003309 0.4573218412859848
decision_type=2 2 2 2 2 2
left_child=1 2 -1 -3 5 -2
right_child=4 3 -4 -5 -6 -7
leaf_value=0.021030515273272637 0.061196127176369769 0.083395835597621495 -0.062662803303435641 -0.047331702988882444 0.0082724266044154667 0.033871927360702728
leaf_weight=82.961324159055948 126.54468982666731 5.8709762413054696 43.908884244039655 153.22942212224007 1.8399559408426274 1.3671348653733719
leaf_count=779 3166 121 1715 8473 9 17
internal_value=8.6222e-05 -0.0271697 -0.00793515 -0.0425077 0.0601577 0.0609041
internal_weight=415.722 285.971 126.87 159.1 129.752 127.912
internal_count=14280 11088 2494 8594 3192 3183
is_linear=0
shrinkage=0.06


Tree=55
num_leaves=8
num_cat=0
split_feature=2 5 2 4 1 5 3
split_gain=176.143 31.9062 51.068 22.121 17.3427 14.3365 6.52913
threshold=0.5023560484959334 -0.018607237355575987 -0.12998266336560246 0.034572218108133664 74.964205527641568 0.030415660494202548 0.74630715895743982
decision_type=2 2 2 2 2 2 2
left_child=1 2 -1 6 -5 -3 -2
right_child=3 5 -4 4 -6 -7 -8
leaf_value=-0.044950411328387063 0.14007728780966425 -0.061448138803065336 0.032787891722168054 -0.066927868786392009 0.039450732303037798 -0.0091957961780274825 0.058652312388636919
leaf_weight=65.812945889309049 3.6492939740419379 103.92399587575346 56.571203688159585 9.1679927650839108 13.854418475180863 23.106000369414687 124.30551610141993
leaf_count=1885 36 7317 587 219 156 907 3173
internal_value=8.26172e-05 -0.0308799 -0.00901643 0.0512326 -0.00291139 -0.0519437 0.0609746
internal_weight=400.391 249.414 122.384 150.977 23.0224 127.03 127.955
internal_count=14280 10696 2472 3584 375 8224 3209
is_linear=0
shrinkage=0.06


Tree=56
num_leaves=7
num_cat=0
split_feature=3 3 5 1 5 15
split_gain=164.773 21.951 28.9306 26.457 1.47982 0.3079
threshold=0.97741606689360461 0.32206828696117468 -0.025180725891478909 74.571295414434886 0.030772286043003309 0.4573218412859848
decision_type=2 2 2 2 2 2
left_child=1 2 -1 -3 5 -2
right_child=4 3 -4 -5 -6 -7
leaf_value=-0.011529162533609522 0.061062913479217627 -0.024040088199056651 -0.058952917189481133 0.047810250809625442 0.0056315752678771785 0.031264179009256529
leaf_weight=85.875433314591646 112.84609371051192 55.101230165921152 100.51125442516059 27.736529257148504 1.7820134982466687 1.2622565440833557
leaf_count=1833 3166 1702 6903 650 9 17
internal_value=6.79245e-05 -0.0256814 -0.037103 1.75281e-05 0.059886 0.0607333
internal_weight=385.115 269.224 186.387 82.8378 115.89 114.108
internal_count=14280 11088 8736 2352 3192 3183
is_linear=0
shrinkage=0.06


Tree=57
num_leaves=7
num_cat=0
split_feature=3 5 1 6 5 15
split_gain=153.152 21.4983 52.5795 26.7795 1.48542 0.317902
threshold=0.97741606689360461 -0.017124300845262893 69.231300764883727 0.38997858992787776 0.030772286043003309 0.4573218412859848
decision_type=2 2 2 2 2 2
left_child=1 2 -1 -3 5 -2
right_child=4 3 -4 -5 -6 -7
leaf_value=0.021110153988368026 0.060999986958950529 -0.053244155137462015 -0.062391181394518054 0.014073038956095008 0.0053145529241472016 0.030276036226068455
leaf_weight=82.465858094394207 106.38075845316052 114.44630882516503 40.470423891209066 26.131766349077225 1.7752296999096859 1.2263633310794819
leaf_count=822 3166 7920 1785 561 9 17
internal_value=6.92272e-05 -0.0247044 -0.00637835 -0.0407307 0.0597518 0.0606498
internal_weight=372.897 263.514 122.936 140.578 109.382 107.607
internal_count=14280 11088 2607 8481 3192 3183
is_linear=0
shrinkage=0.06


Tree=58
num_leaves=7
num_cat=0
split_feature=3 3 0 5 5 15
split_gain=142.657 20.7681 28.3549 25.678 1.49046 0.327862
threshold=0.97741606689360461 0.32206828696117468 69.143081408183136 -0.0065339928451527375 0.030772286043003309 0.4573218412859848
decision_type=2 2 2 2 2 2
left_child=1 2 -1 -3 5 -2
right_child=4 3 -4 -5 -6 -7
leaf_value=-0.013545348302015276 0.060940838010172152 0.06717566203024361 -0.062000664073337472 -0.016079925511792655 0.0050143058835059751 0.029293629576653119
leaf_weight=95.886114925146103 100.27991314046085 16.831021711230278 79.539981199428439 64.230444536544383 1.7688385359942902 1.1924965269863594
leaf_count=3412 3166 96 5324 2256 9 17
internal_value=6.2313e-05 -0.0239097 -0.0355155 0.00120667 0.0596171 0.0605689
internal_weight=359.729 256.488 175.426 81.0615 103.241 101.472
internal_count=14280 11088 8736 2352 3192 3183
is_linear=0
shrinkage=0.06


Tree=59
num_leaves=8
num_cat=0
split_feature=3 5 2 3 3 12 15
split_gain=132.841 19.982 46.8949 27.9384 1.50696 3.15581 0.000428646
threshold=0.97741606689360461 -0.025180725891478909 -0.19286922843532747 0.4640093878622758 1.1162045641026233 -0.11638304190068992 0.4573218412859848
decision_type=2 2 2 2 2 2 2
left_child=1 2 -1 -3 5 -2 -6
right_child=4 3 -4 -5 6 -7 -8
leaf_value=-0.047891833598879267 -0.052128026222488806 -0.053682699702256274 0.03807959277531426 0.00022766586873831899 0.060883389673637316 0.066634681194030515 0.062191967263288399
leaf_weight=41.814484607428312 1.3239908255636694 106.14293754566461 50.339154217392206 51.348142430186272 93.156361978501081 2.0567374974489203 0.90996339917182822
leaf_count=1290 20 7890 609 1299 3123 36 13
internal_value=6.99338e-05 -0.023121 -0.000929728 -0.0361058 0.0594815 0.0201238 0.060896
internal_weight=347.092 249.645 92.1536 157.491 97.4471 3.38073 94.0663
internal_count=14280 11088 1899 9189 3192 56 3136
is_linear=0
shrinkage=0.06


Tree=60
num_leaves=8
num_cat=0
split_feature=3 5 15 6 3 12 15
split_gain=123.726 18.9431 48.4793 26.0027 1.53687 2.87561 0.000356688
threshold=0.97741606689360461 -0.017124300845262893 0.016227761035311674 0.38997858992787776 1.1162045641026233 -0.11638304190068992 0.4573218412859848
decision_type=2 2 2 2 2 2 2
left_child=1 2 -1 -3 5 -2 -6
right_child=4 3 -4 -5 6 -7 -8
leaf_value=0.090161312857968745 -0.046923876391729812 -0.051830293289311928 -0.02065888520375463 0.015804204353455767 0.060831231682669643 0.066277597512585495 0.062060025143363229
leaf_weight=16.593329912051558 1.3807000890374186 102.10581624228507 98.975835660472512 25.592947043478489 87.804300783202052 1.9470816999673832 0.85873790457844634
leaf_count=92 20 7920 2515 561 3123 36 13
internal_value=6.6948e-05 -0.0223472 -0.00474741 -0.0382752 0.0593407 0.0193102 0.0608431
internal_weight=335.259 243.268 115.569 127.699 91.9908 3.32778 88.663
internal_count=14280 11088 2607 8481 3192 56 3136
is_linear=0
shrinkage=0.06


Tree=61
num_leaves=7
num_cat=0
split_feature=3 2 0 1 15 4
split_gain=115.275 20.0243 28.1909 22.5973 0.000296879 0.000143038
threshold=1.1162045641026233 0.24406154444408659 69.143081408183136 74.571295414434886 0.4573218412859848 0.035712851200166547
decision_type=2 2 2 2 2 2
left_child=1 2 -1 -3 5 -2
right_child=4 3 -4 -5 -6 -7
leaf_value=-0.011555402949267218 0.060766596602060456 -0.021918148472948686 -0.061868754199990453 0.044792856168841572 0.061936266047575995 0.061181269764504422
leaf_weight=94.956774684600532 79.644042048603296 46.420441483147442 69.385560555383563 30.153230986557901 0.81029584258794685 3.1116307452321044
leaf_count=3636 3043 1492 5268 748 13 80
internal_value=7.2099e-05 -0.0209901 -0.0327978 0.00435135 0.0607934 0.0607822
internal_weight=324.482 240.916 164.342 76.5737 83.566 82.7557
internal_count=14280 11144 8904 2240 3136 3123
is_linear=0
shrinkage=0.06


Tree=62
num_leaves=7
num_cat=0
split_feature=3 5 2 6 15 4
split_gain=107.368 18.687 45.8491 27.7608 0.000247154 0.000119206
threshold=1.1162045641026233 -0.017124300845262893 -0.19286922843532747 0.38997858992787776 0.4573218412859848 0.035712851200166547
decision_type=2 2 2 2 2 2
left_child=1 2 -1 -3 5 -2
right_child=4 3 -4 -5 -6 -7
leaf_value=-0.04882322322494758 0.060721403641443898 -0.051478458720761615 0.02901188775319518 0.01701181424758668 0.061820157577104545 0.061111273743244994
leaf_weight=45.794104589149356 75.060066729784012 96.02552548982203 67.260637495666742 27.379225175827742 0.76449761167168517 2.9336782023310652
leaf_count=1670 3043 7935 963 576 13 80
internal_value=7.09392e-05 -0.0201385 -0.00251611 -0.0362828 0.0607466 0.0607361
internal_weight=315.218 236.459 113.055 123.405 78.7582 77.9937
internal_count=14280 11144 2633 8511 3136 3123
is_linear=0
shrinkage=0.06


Tree=63
num_leaves=7
num_cat=0
split_feature=3 2 5 1 15 4
split_gain=100.189 18.5276 28.3737 20.6571 0.0002058 9.93589e-05
threshold=1.1162045641026233 0.24406154444408659 -0.023990486688102518 74.571295414434886 0.4573218412859848 0.035712851200166547
decision_type=2 2 2 2 2 2
left_child=1 2 -1 -3 5 -2
right_child=4 3 -4 -5 -6 -7
leaf_value=-0.0074205223378399077 0.060678901593786153 -0.020736289791174856 -0.058784379074266452 0.04344218681062581 0.061711200130092139 0.061045490124794627
leaf_weight=83.475251178257167 70.736922074109316 44.960971323773265 72.208495810627937 30.170116517692804 0.72120935469865699 2.7657209783792487
leaf_count=1954 3043 1492 6950 748 13 80
internal_value=6.47484e-05 -0.0194348 -0.0312439 0.00503563 0.0607026 0.0606927
internal_weight=305.039 230.815 155.684 75.1311 74.2239 73.5026
internal_count=14280 11144 8904 2240 3136 3123
is_linear=0
shrinkage=0.06


Tree=64
num_leaves=7
num_cat=0
split_feature=3 1 0 3 15 4
split_gain=93.3522 17.9815 37.9245 11.3367 0.000171397 8.28269e-05
threshold=1.1162045641026233 76.089994258863811 74.872910341068419 0.67466297489353877 0.4573218412859848 0.035712851200166547
decision_type=2 2 2 2 2 2
left_child=1 2 -1 -3 5 -2
right_child=4 3 -4 -5 -6 -7
leaf_value=-0.019574588122304334 0.060638929103516211 -0.061335601018043431 0.06825486275624093 0.026057084955687555 0.061608931782172215 0.060983659427621469
leaf_weight=157.33818407356739 66.66010276041925 43.439880114980042 19.941990496590734 6.0932305660098782 0.68030264601111312 2.6072187181562176
leaf_count=6407 3043 4233 450 54 13 80
internal_value=6.327e-05 -0.0186247 -0.00969478 -0.0505851 0.0606612 0.0606519
internal_weight=296.761 226.813 177.28 49.5331 69.9476 69.2673
internal_count=14280 11144 6857 4287 3136 3123
is_linear=0
shrinkage=0.06


Tree=65
num_leaves=7
num_cat=0
split_feature=3 5 0 1 15 4
split_gain=86.9798 18.4 45.2287 25.3624 0.000142771 6.90546e-05
threshold=1.1162045641026233 -0.017124300845262893 69.143081408183136 74.571295414434886 0.4573218412859848 0.035712851200166547
decision_type=2 2 2 2 2 2
left_child=1 2 -1 -3 5 -2
right_child=4 3 -4 -5 -6 -7
leaf_value=0.023504054104108323 0.060601333707458301 -0.062323261081159174 -0.062550024700883333 -0.0055395255679700026 0.061512922656925692 0.060925539406439418
leaf_weight=79.424828616902232 62.815885620191693 58.373068468645215 30.404311661608517 54.995164930820465 0.64165454357862373 2.4576573818922034
leaf_count=889 3043 4544 1744 3967 13 80
internal_value=6.3292e-05 -0.0178211 -0.00031854 -0.0347774 0.0606223 0.0606135
internal_weight=289.113 223.197 109.829 113.368 65.9152 65.2735
internal_count=14280 11144 2633 8511 3136 3123
is_linear=0
shrinkage=0.06


Tree=66
num_leaves=7
num_cat=0
split_feature=3 2 4 15 15 4
split_gain=81.209 18.1518 48.3324 10.5069 0.000118944 5.75767e-05
threshold=1.1162045641026233 -0.19286922843532747 -0.014393452706937067 -0.0015608712750800342 0.4573218412859848 0.035712851200166547
decision_type=2 2 2 2 2 2
left_child=1 3 -3 -1 5 -2
right_child=4 2 -4 -5 -6 -7
leaf_value=0.035862046215836267 0.060565978406605207 0.040774130948687287 -0.029006946473447377 -0.058199284581587206 0.061422775647530209 0.060870901557216424
leaf_weight=4.7282629115506998 59.191262133419514 51.310881165321916 117.69488343643025 44.613217374309897 0.60514747723936935 2.3165490869432679
leaf_count=260 3043 889 7633 2362 13 80
internal_value=5.15304e-05 -0.0171685 -0.00782111 -0.0491856 0.0605857 0.0605775
internal_weight=280.46 218.347 169.006 49.3415 62.113 61.5078
internal_count=14280 11144 8522 2622 3136 3123
is_linear=0
shrinkage=0.06


Tree=67
num_leaves=7
num_cat=0
split_feature=3 3 0 5 15 4
split_gain=75.7565 17.4636 27.7356 20.0286 9.9109e-05 4.80124e-05
threshold=1.1162045641026233 0.32206828696117468 69.143081408183136 -0.0065339928451527375 0.4573218412859848 0.035712851200166547
decision_type=2 2 2 2 2 2
left_child=1 2 -1 -3 5 -2
right_child=4 3 -4 -5 -6 -7
leaf_value=-0.0071003893829026422 0.060532717998343907 0.065964387205451086 -0.061645428156379176 -0.0094069710122498523 0.061338113199018982 0.060819529879883844
leaf_weight=83.627287469804287 55.773932427167892 16.210843158885837 56.056857405696064 58.477350479923189 0.57066920027136703 2.1834306791424742
leaf_count=3412 3043 123 5324 2285 13 80
internal_value=5.04031e-05 -0.0164676 -0.0289899 0.00695215 0.0605513 0.0605435
internal_weight=272.9 214.372 139.684 74.6882 58.528 57.9574
internal_count=14280 11144 8736 2408 3136 3123
is_linear=0
shrinkage=0.06


Tree=68
num_leaves=7
num_cat=0
split_feature=3 0 0 5 15 4
split_gain=70.7335 16.8116 28.6915 0.00720167 8.25931e-05 4.004e-05
threshold=1.1162045641026233 65.460355349602793 68.698382161606602 -0.018607237355575987 0.4573218412859848 0.035712851200166547
decision_type=2 2 2 2 2 2
left_child=1 3 -3 -1 5 -2
right_child=4 2 -4 -5 -6 -7
leaf_value=-0.063923830867601325 0.060501429298014338 0.018032426336923452 -0.029902515761013548 -0.060778729612479106 0.06125858766368223 0.060771222608387562
leaf_weight=2.959669208154085 52.552254293113947 78.336038292385638 105.48132655955851 22.905027111060917 0.53811253607273002 2.0578625388443461
leaf_count=98 3043 1372 6865 2809 13 80
internal_value=5.51648e-05 -0.0158473 -0.00947445 -0.0611386 0.0605189 0.0605116
internal_weight=264.83 209.682 183.817 25.8647 55.1482 54.6101
internal_count=14280 11144 8237 2907 3136 3123
is_linear=0
shrinkage=0.06


Tree=69
num_leaves=8
num_cat=0
split_feature=2 5 15 4 0 7 5
split_gain=66.5372 25.9306 36.6626 25.0633 23.7553 14.7136 6.97068
threshold=0.43513613749184549 -0.020734782707125983 0.019011664751598118 0.026581610154906916 75.32015694561737 -0.20326538696499027 0.029844274215743954
decision_type=2 2 2 2 2 2 2
left_child=1 2 -1 6 -5 -3 -2
right_child=3 5 -4 4 -6 -7 -8
leaf_value=0.089637515115234989 0.061507196412464306 0.17180315350363468 -0.016935013910397673 -0.063250697882409557 0.041215390472646843 -0.052159465256684509 0.19585593952485578
leaf_weight=13.612218469381331 57.11619115434587 1.0715161161497224 79.431978985667229 13.126085815019904 19.445153553038836 73.003791039343923 1.4249931070953596
leaf_count=64 3066 46 2223 492 355 8027 7
internal_value=5.65018e-05 -0.0224316 -0.00134362 0.0413045 -0.000884047 -0.0489198 0.0647775
internal_weight=258.232 167.12 93.0442 91.1124 32.5712 74.0753 58.5412
internal_count=14280 10360 2287 3920 847 8073 3073
is_linear=0
shrinkage=0.06


Tree=70
num_leaves=8
num_cat=0
split_feature=2 5 5 0 4 3 6
split_gain=61.9293 26.878 26.6802 31.5866 11.4848 4.22089 0.0111531
threshold=0.34981756402181935 0.0319856639713035 -0.023990486688102518 69.143081408183136 0.038492930940901442 0.27754485446567495 0.55159304893288219
decision_type=2 2 2 2 2 2 2
left_child=2 4 3 -1 -2 -4 -3
right_child=1 6 5 -5 -6 -7 -8
leaf_value=0.021759750824210593 0.054859838347594704 -0.06281311514509573 -0.060887251721730554 -0.062448654641559131 -0.0079908403359831223 -0.028009372548318603 -0.071482221298452886
leaf_weight=59.517403656616807 78.63245935831219 8.2212624875828588 49.660330913029611 21.949979027733207 12.073715036734937 19.607441629748791 0.57138979434967119
leaf_count=583 3760 386 6344 1394 271 1535 7
internal_value=4.59633e-05 0.0367847 -0.0242049 -0.000928749 0.0464939 -0.0515806 -0.0633765
internal_weight=250.234 99.4988 150.735 81.4674 90.7062 69.2678 8.79265
internal_count=14280 4424 9856 1977 4031 7879 393
is_linear=0
shrinkage=0.06


Tree=71
num_leaves=7
num_cat=0
split_feature=3 2 4 15 15 4
split_gain=58.3024 17.1251 39.4552 9.62404 5.60706e-05 3.68723e-05
threshold=1.1162045641026233 -0.19286922843532747 -0.014393452706937067 -0.0015608712750800342 0.4573218412859848 0.035712851200166547
decision_type=2 2 2 2 2 2
left_child=1 3 -3 -1 5 -2
right_child=4 2 -4 -5 -6 -7
leaf_value=0.033529802471964007 0.060420611421224665 0.039614628463664918 -0.025663862990454981 -0.05733710469697794 0.061093669485390918 0.060693852429793069
leaf_weight=4.7056211405433706 44.196231194771826 48.954741676338017 104.45147263864055 38.754882806446403 0.46515748649835487 1.8524339385330666
leaf_count=260 3043 889 7633 2362 13 80
internal_value=2.29856e-05 -0.0142514 -0.0048323 -0.0474986 0.0604382 0.0604316
internal_weight=243.381 196.867 153.406 43.4605 46.5138 46.0487
internal_count=14280 11144 8522 2622 3136 3123
is_linear=0
shrinkage=0.06


Tree=72
num_leaves=8
num_cat=0
split_feature=2 5 0 5 7 5 6
split_gain=54.5513 24.7941 28.6488 24.1167 10.5124 4.46902 0.00858478
threshold=0.34981756402181935 -0.023990486688102518 69.143081408183136 0.0319856639713035 -0.20326538696499027 0.031422037817923472 0.55159304893288219
decision_type=2 2 2 2 2 2 2
left_child=1 2 -1 4 -2 -3 -5
right_child=3 5 -4 6 -6 -7 -8
leaf_value=0.020322261022411723 0.15294144027325843 -0.056007305425257267 -0.062365904083458414 -0.062580801994621627 0.041023486690777863 -0.0033300061367123818 -0.070451501131849448
leaf_weight=59.312725769355893 3.1367347845807663 58.12545272661373 20.228729768656194 7.5818387214094383 82.161905107088387 6.4402608540840438 0.53402979299426068
leaf_count=583 57 7403 1394 386 3974 476 7
internal_value=2.14439e-05 -0.0231294 -0.00070673 0.0357354 0.0451391 -0.0507529 -0.0630987
internal_weight=237.522 144.107 79.5415 93.4145 85.2986 64.5657 8.11587
internal_count=14280 9856 1977 4424 4031 7879 393
is_linear=0
shrinkage=0.06


Tree=73
num_leaves=7
num_cat=0
split_feature=3 2 4 9 15 4
split_gain=52.0164 15.9688 30.4673 4.52428 4.15021e-05 2.51718e-05
threshold=1.1162045641026233 -0.31741145999270509 -0.032970059668913615 0.0016307528961613119 0.4573218412859848 0.035712851200166547
decision_type=2 2 2 2 2 2
left_child=1 3 -3 -1 5 -2
right_child=4 2 -4 -5 -6 -7
leaf_value=-0.064433976234729462 0.060379750064320219 0.10299719139957655 -0.012824407192698549 0.08195237408663035 0.060987641925766278 0.060618795357639615
leaf_weight=22.815706658642743 39.954367656260729 8.623504077550022 157.67081156512722 0.78625869285315175 0.42146441712975402 1.6513764467090357
leaf_count=1234 3043 168 9722 20 13 80
internal_value=-5.45705e-06 -0.0133731 -0.00681826 -0.0595574 0.0603952 0.0603892
internal_weight=231.923 189.896 166.294 23.602 42.0272 41.6057
internal_count=14280 11144 9890 1254 3136 3123
is_linear=0
shrinkage=0.06


Tree=74
num_leaves=7
num_cat=0
split_feature=3 2 4 15 15 4
split_gain=48.5346 15.4963 32.3002 7.48801 3.46101e-05 2.10013e-05
threshold=1.1162045641026233 -0.23489316629430587 -0.01953071220411658 -0.0015608712750800342 0.4573218412859848 0.035712851200166547
decision_type=2 2 2 2 2 2
left_child=1 3 -3 -1 5 -2
right_child=4 2 -4 -5 -6 -7
leaf_value=0.03453736283064112 0.060357503897611152 0.042387332503177055 -0.020678702566339722 -0.059530185389310035 0.060929278930993175 0.060582435308134418
leaf_weight=3.3932353779673567 37.641056015156209 39.122516291216016 115.68957689916715 29.80580173060298 0.39728890918195148 1.5561128687113512
leaf_count=147 3043 685 8407 1905 13 80
internal_value=-3.35197e-06 -0.0127182 -0.0047413 -0.0499156 0.0603721 0.0603664
internal_weight=227.606 188.011 154.812 33.199 39.5945 39.1972
internal_count=14280 11144 9092 2052 3136 3123
is_linear=0
shrinkage=0.06


Tree=75
num_leaves=8
num_cat=0
split_feature=2 5 15 5 4 5 6
split_gain=45.4614 23.5964 28.8732 21.2485 10.6772 5.26137 0.00647455
threshold=0.34981756402181935 -0.020734782707125983 0.0032884475567375756 0.0319856639713035 0.029997113275134671 0.031422037817923472 0.55159304893288219
decision_type=2 2 2 2 2 2 2
left_child=1 2 -1 4 -2 -3 -5
right_child=3 5 -4 6 -6 -7 -8
leaf_value=0.086104134982423752 0.058579316165559746 -0.059953218781784355 -0.015857034907211132 -0.062349733274691302 0.011342944607714957 -0.0011982960413278987 -0.069448841732084557
leaf_weight=11.599262729287146 53.238983971998096 46.432037285063416 72.441803586669266 6.9390185233205548 25.46752362139523 6.2219536779448381 0.49551930651068676
leaf_count=49 3379 7114 2217 386 652 476 7
internal_value=-2.92937e-06 -0.0215163 -0.00178446 0.0341361 0.0432948 -0.0530103 -0.0628229
internal_weight=222.836 136.695 84.0411 86.141 78.7065 52.654 7.43454
internal_count=14280 9856 2266 4424 4031 7590 393
is_linear=0
shrinkage=0.06


Tree=76
num_leaves=7
num_cat=0
split_feature=3 2 4 11 15 4
split_gain=42.6539 14.7998 31.0494 11.4318 2.75142e-05 1.94196e-05
threshold=1.1162045641026233 -0.19286922843532747 -0.032970059668913615 -0.24794131645276971 0.4573218412859848 0.035712851200166547
decision_type=2 2 2 2 2 2
left_child=1 3 -3 -1 5 -2
right_child=4 2 -4 -5 -6 -7
leaf_value=0.29741236659202597 0.060317776243662517 0.14322303374540113 -0.0082859241126029895 -0.048420964653344202 0.060851930937918651 0.060542051607869608
leaf_weight=0.34730212716385622 33.498005985282362 5.0460263052955261 139.15226261224598 37.29850093787536 0.36331425048410793 1.4500526282936324
leaf_count=13 3043 41 8481 2609 13 80
internal_value=-1.20309e-05 -0.01173 -0.00298407 -0.0452305 0.0603325 0.0603271
internal_weight=217.155 181.844 144.198 37.6458 35.3114 34.9481
internal_count=14280 11144 8522 2622 3136 3123
is_linear=0
shrinkage=0.06


Tree=77
num_leaves=7
num_cat=0
split_feature=3 1 0 3 15 4
split_gain=39.8402 14.7964 35.812 9.82309 2.2951e-05 1.62048e-05
threshold=1.1162045641026233 76.089994258863811 74.872910341068419 0.67466297489353877 0.4573218412859848 0.035712851200166547
decision_type=2 2 2 2 2 2
left_child=1 2 -1 -3 5 -2
right_child=4 3 -4 -5 -6 -7
leaf_value=-0.014178353927417956 0.060299177469186262 -0.061067435641503624 0.074971812587150563 0.023716182327833922 0.0608016926406564 0.060510236164580421
leaf_weight=126.86414092034101 31.556670309044421 28.579851567745209 18.599556399509311 5.9424645248800507 0.3424306008964767 1.3663044031709421
leaf_count=6407 3043 4233 450 54 13 80
internal_value=-1.08364e-05 -0.01116 -0.00277927 -0.0464733 0.060313 0.0603079
internal_weight=213.251 179.986 145.464 34.5223 33.2654 32.923
internal_count=14280 11144 6857 4287 3136 3123
is_linear=0
shrinkage=0.06


Tree=78
num_leaves=7
num_cat=0
split_feature=3 2 5 9 15 4
split_gain=37.2376 14.1563 25.3196 4.0474 1.91469e-05 1.35233e-05
threshold=1.1162045641026233 -0.31741145999270509 -0.025180725891478909 0.0016307528961613119 0.4573218412859848 0.035712851200166547
decision_type=2 2 2 2 2 2
left_child=1 3 -3 -1 5 -2
right_child=4 2 -4 -5 -6 -7
leaf_value=-0.063843290031554215 0.06028166943228716 0.02708592616788158 -0.022815173944021418 0.072350114979899724 0.060754458965044777 0.060480301478585442
leaf_weight=19.136732808314267 29.72732319962234 57.608726964332163 100.39913774607703 0.81916201673447986 0.32273211888968845 1.2873545642942179
leaf_count=1234 3043 1003 8887 20 13 80
internal_value=-1.54987e-05 -0.0106354 -0.00462153 -0.0582527 0.0602947 0.0602899
internal_weight=209.301 177.964 158.008 19.9559 31.3374 31.0147
internal_count=14280 11144 9890 1254 3136 3123
is_linear=0
shrinkage=0.06


Tree=79
num_leaves=7
num_cat=0
split_feature=3 0 1 5 15 4
split_gain=34.8152 14.0702 18.9451 0.00241095 1.5974e-05 1.12859e-05
threshold=1.1162045641026233 65.460355349602793 76.089994258863811 -0.018607237355575987 0.4573218412859848 0.035712851200166547
decision_type=2 2 2 2 2 2
left_child=1 3 -3 -1 5 -2
right_child=4 2 -4 -5 -6 -7
leaf_value=-0.062751559885203534 0.060265193353745819 0.0060799850487518181 -0.045428503259030112 -0.06054349841439309 0.060710033539800014 0.060452135704176763
leaf_weight=2.0071887467056539 28.003560852259405 125.72616405365989 32.313298152526841 15.741572480648754 0.3041533287614574 1.2129326434805978
leaf_count=98 3043 3950 4287 2809 13 80
internal_value=-1.51291e-05 -0.0101402 -0.00445162 -0.0607932 0.0602775 0.060273
internal_weight=205.309 175.788 158.039 17.7488 29.5206 29.2165
internal_count=14280 11144 8237 2907 3136 3123
is_linear=0
shrinkage=0.06


Tree=80
num_leaves=8
num_cat=0
split_feature=2 0 4 5 4 6 6
split_gain=32.8289 21.6698 27.5286 18.4318 10.2214 6.25398 0.00536995
threshold=0.34981756402181935 69.143081408183136 -0.014073411709119908 0.0319856639713035 0.038492930940901442 0.36264501207079552 0.55159304893288219
decision_type=2 2 2 2 2 2 2
left_child=1 2 -1 4 -2 -3 -5
right_child=3 5 -4 6 -6 -7 -8
leaf_value=0.022634414543224263 0.050957634733511961 -0.061340797020157739 -0.052203817861729972 -0.062161610558760676 -0.011542440143002907 0.0075493482337245727 -0.068856125204960761
leaf_weight=56.946731655392796 57.299145518802106 38.381984250852838 25.671122120693326 6.3761572027578941 11.273334505036471 5.413048113230615 0.46265343949198712
leaf_count=927 3760 5504 3091 386 271 334 7
internal_value=-1.58195e-05 -0.0187061 -0.000619414 0.0313149 0.0406826 -0.052826 -0.0626145
internal_weight=201.824 126.413 82.6179 75.4113 68.5725 43.795 6.83881
internal_count=14280 9856 4018 4424 4031 5838 393
is_linear=0
shrinkage=0.06


Tree=81
num_leaves=8
num_cat=0
split_feature=3 2 4 9 4 15 2
split_gain=30.8892 13.775 21.5616 3.71192 1.45942e-05 6.12243e-06 2.15036e-06
threshold=1.1162045641026233 -0.31741145999270509 -0.032970059668913615 0.0016307528961613119 0.035712851200166547 0.4573218412859848 1.0865233199188895
decision_type=2 2 2 2 2 2 2
left_child=1 3 -3 -1 5 -2 -6
right_child=4 2 -4 -5 6 -7 -8
leaf_value=-0.063808420703316715 0.060237279675850339 0.087103351115756636 -0.0090302617024333818 0.064629285406562931 0.060576208197305088 0.060561114705015656 0.060401275239475638
leaf_weight=17.845431725028906 25.079114451073117 8.9206636860035342 143.65800675028004 0.84857617970555921 0.36151372082531341 0.21195018477737804 0.84254945535212755
leaf_count=1234 3043 168 9722 20 21 11 61
internal_value=-3.9298e-05 -0.00936574 -0.00340971 -0.0579783 0.0602497 0.06024 0.0604538
internal_weight=197.768 171.273 152.579 18.694 26.4951 25.2911 1.20406
internal_count=14280 11144 9890 1254 3136 3054 82
is_linear=0
shrinkage=0.06


Tree=82
num_leaves=8
num_cat=0
split_feature=2 4 2 5 4 5 6
split_gain=29.2051 23.3585 27.9781 18.453 9.78186 1.43986 0.00420097
threshold=0.24406154444408659 -0.014393452706937067 -0.12998266336560246 0.032234687829608512 0.026581610154906916 -0.031422037817923458 0.55159304893288219
decision_type=2 2 2 2 2 2 2
left_child=1 2 -1 4 -2 -3 -5
right_child=3 5 -4 6 -6 -7 -8
leaf_value=-0.033320712743578007 0.052431352713465461 -0.13318004690210861 0.042510877363516074 -0.061893682005114768 0.0094405222640642963 -0.057481907989748927 -0.067308549760722633
leaf_weight=40.714300562394783 46.210813879966736 0.92778989113867183 30.739687951281667 7.2035567713901392 32.421093677170575 36.179924861295149 0.55557405948638905
leaf_count=2413 3833 21 451 486 1048 6019 9
internal_value=-3.79303e-05 -0.0207542 -0.000697769 0.0259948 0.0347056 -0.0593746 -0.0622814
internal_weight=194.953 108.562 71.454 86.391 78.6319 37.1077 7.75913
internal_count=14280 8904 2864 5376 4881 6040 495
is_linear=0
shrinkage=0.06


Tree=83
num_leaves=8
num_cat=0
split_feature=3 0 1 5 4 15 2
split_gain=27.4171 12.7634 16.5886 0.00181987 1.28965e-05 4.87857e-06 1.74611e-06
threshold=1.1162045641026233 65.460355349602793 76.089994258863811 -0.018607237355575987 0.035712851200166547 0.4573218412859848 1.0865233199188895
decision_type=2 2 2 2 2 2 2
left_child=1 3 -3 -1 5 -2 -6
right_child=4 2 -4 -5 6 -7 -8
leaf_value=-0.062504521795968992 0.060212385256678963 0.0063472496484043529 -0.043960570587573009 -0.060480274591808464 0.060537358721861424 0.060514360895394644 0.060374207408117608
leaf_weight=1.8124876152724017 22.460310712922372 122.36646833736449 29.233359508449212 13.56675205985084 0.33750093542039283 0.19426352716982265 0.786416906863451
leaf_count=98 3043 3950 4287 2809 21 11 61
internal_value=-5.33603e-05 -0.00863722 -0.00335373 -0.0607188 0.0602248 0.060215 0.0604232
internal_weight=190.758 166.979 151.6 15.3792 23.7785 22.6546 1.12392
internal_count=14280 11144 8237 2907 3136 3054 82
is_linear=0
shrinkage=0.06


Tree=84
num_leaves=8
num_cat=0
split_feature=3 2 5 9 4 15 2
split_gain=25.6546 12.8349 18.4048 3.57864 1.07649e-05 4.07095e-06 1.45817e-06
threshold=1.1162045641026233 -0.31741145999270509 -0.025180725891478909 0.0016307528961613119 0.035712851200166547 0.4573218412859848 1.0865233199188895
decision_type=2 2 2 2 2 2 2
left_child=1 3 -3 -1 5 -2 -6
right_child=4 2 -4 -5 6 -7 -8
leaf_value=-0.063522247686497155 0.060199978323196651 0.024257840242133802 -0.019204427524942558 0.062344300148985607 0.060505882093775103 0.060484161122825682 0.060352283421740691
leaf_weight=16.350462080910805 21.156552410218872 56.936006995849311 91.357653663260862 0.85576687380671401 0.31800675578415283 0.18303908593952556 0.74088042695075274
leaf_count=1234 3043 1003 8887 20 21 11 61
internal_value=-5.29154e-05 -0.00820903 -0.00251748 -0.0572622 0.0602117 0.0602024 0.0603984
internal_weight=187.898 165.5 148.294 17.2062 22.3985 21.3396 1.05889
internal_count=14280 11144 9890 1254 3136 3054 82
is_linear=0
shrinkage=0.06


Tree=85
num_leaves=8
num_cat=0
split_feature=2 0 4 5 4 1 6
split_gain=25.0625 22.4022 22.5001 16.7099 8.66146 0.134934 0.00334586
threshold=0.24406154444408659 69.143081408183136 -0.014393452706937067 0.032234687829608512 0.032997148131979952 69.231300764883727 0.55159304893288219
decision_type=2 2 2 2 2 2 2
left_child=1 2 -1 4 -2 -3 -5
right_child=3 5 -4 6 -6 -7 -8
leaf_value=0.019216012955219353 0.046569190874295847 -0.096222785667692864 -0.056905228412518091 -0.061759472629236728 0.0013763177637588925 -0.060925436767551466 -0.066748842525275853
leaf_weight=52.69356652488932 52.456145286094397 0.39476159354672091 19.026417053304613 6.7140491222962728 21.534461298491806 31.587520115077496 0.52143697068095196
leaf_count=890 4279 14 2746 486 602 5254 9
internal_value=-5.18785e-05 -0.0196004 -0.000978003 0.024906 0.0334161 -0.0613611 -0.062119
internal_weight=184.928 103.702 71.72 81.2261 73.9906 31.9823 7.23549
internal_count=14280 8904 3636 5376 4881 5268 495
is_linear=0
shrinkage=0.06


Tree=86
num_leaves=8
num_cat=0
split_feature=3 2 4 9 4 15 2
split_gain=22.9243 12.1291 17.436 3.29838 9.7537e-06 2.95387e-06 1.21272e-06
threshold=1.1162045641026233 -0.31741145999270509 -0.032970059668913615 0.0016307528961613119 0.035712851200166547 0.4573218412859848 1.0865233199188895
decision_type=2 2 2 2 2 2 2
left_child=1 3 -3 -1 5 -2 -6
right_child=4 2 -4 -5 6 -7 -8
leaf_value=-0.063444858657185507 0.060179833925841086 0.078164477377733049 -0.0075087643691270052 0.055866527480511907 0.060475605923902165 0.060435009728010178 0.060331197337680061
leaf_weight=15.274497009813786 19.035161548759795 9.124771253205834 136.19716349756345 0.88232588768005449 0.29922410659491916 0.16472415719181199 0.69701686594635248
leaf_count=1234 3043 168 9722 20 21 11 61
internal_value=-7.48572e-05 -0.00761237 -0.00212934 -0.0569293 0.0601915 0.060182 0.0603746
internal_weight=181.675 161.479 145.322 16.1568 20.1961 19.1999 0.996241
internal_count=14280 11144 9890 1254 3136 3054 82
is_linear=0
shrinkage=0.06


Tree=87
num_leaves=8
num_cat=0
split_feature=2 0 4 5 7 1 6
split_gain=21.8085 21.4375 20.4836 15.081 8.68073 0.109669 0.00270713
threshold=0.24406154444408659 69.143081408183136 -0.014393452706937067 0.032234687829608512 -0.20326538696499027 69.231300764883727 0.55159304893288219
decision_type=2 2 2 2 2 2 2
left_child=1 2 -1 4 -2 -3 -5
right_child=3 5 -4 6 -6 -7 -8
leaf_value=0.018341191416712491 0.12818637550820783 -0.093252453935716684 -0.055456505566497949 -0.061643489761772682 0.027132268503691492 -0.060871872772988042 -0.066268524742370022
leaf_weight=52.674552865326405 3.202655777335166 0.38142935209907847 18.224935322534293 6.2885035569779566 68.802558046765625 29.406041800742969 0.49118283763527859
leaf_count=890 68 14 2746 486 4813 5254 9
internal_value=-7.26363e-05 -0.0185739 -0.000628738 0.0235719 0.031627 -0.0612865 -0.0619786
internal_weight=179.472 100.687 70.8995 78.7849 72.0052 29.7875 6.77969
internal_count=14280 8904 3636 5376 4881 5268 495
is_linear=0
shrinkage=0.06


Tree=88
num_leaves=8
num_cat=0
split_feature=3 2 4 15 4 15 2
split_gain=20.8417 11.6422 18.5633 6.34454 7.23944e-06 2.27515e-06 9.26316e-07
threshold=1.1162045641026233 -0.23489316629430587 -0.032970059668913615 -0.0015608712750800342 0.035712851200166547 0.4573218412859848 1.0865233199188895
decision_type=2 2 2 2 2 2 2
left_child=1 3 -3 -1 5 -2 -6
right_child=4 2 -4 -5 6 -7 -8
leaf_value=0.032704596405474434 0.060164708115226291 0.10008975843014528 -0.0051730042081317351 -0.057344260563746419 0.060434017158578213 0.060398539911860012 0.060301248336378767
leaf_weight=3.2510662928689298 17.440702829975642 6.3299401458352795 127.82231996953487 21.083924828330055 0.26983215101063152 0.15109554212540288 0.63289705198258162
leaf_count=147 3043 70 9022 1905 21 11 61
internal_value=-9.87007e-05 -0.00713231 -0.000206208 -0.0453141 0.0601752 0.0601667 0.0603409
internal_weight=176.982 158.487 134.152 24.335 18.4945 17.5918 0.902729
internal_count=14280 11144 9092 2052 3136 3054 82
is_linear=0
shrinkage=0.06


Tree=89
num_leaves=8
num_cat=0
split_feature=3 0 1 5 4 15 2
split_gain=19.5181 11.5493 13.9809 0.00128882 6.04331e-06 1.89883e-06 7.73628e-07
threshold=1.1162045641026233 65.460355349602793 76.089994258863811 -0.018607237355575987 0.035712851200166547 0.4573218412859848 1.0865233199188895
decision_type=2 2 2 2 2 2 2
left_child=1 3 -3 -1 5 -2 -6
right_child=4 2 -4 -5 6 -7 -8
leaf_value=-0.062247729530802216 0.060155099263648287 0.006911807768897554 -0.041640610904365334 -0.060427104988548162 0.060408625180393381 0.060375183578264102 0.060283619143100188
leaf_weight=1.5931009696796525 16.42758069047705 118.1277376790531 26.061323478119448 11.534255385166032 0.25422192551195522 0.1423498010262837 0.59620901895686984
leaf_count=98 3043 3950 4287 2809 21 11 61
internal_value=-9.60635e-05 -0.00676904 -0.00186376 -0.0606481 0.060165 0.060157 0.060321
internal_weight=174.737 157.316 144.189 13.1274 17.4204 16.5699 0.850431
internal_count=14280 11144 8237 2907 3136 3054 82
is_linear=0
shrinkage=0.06


Tree=90
num_leaves=8
num_cat=0
split_feature=3 2 4 11 4 15 2
split_gain=18.2841 11.2415 25.0656 13.112 5.04584e-06 1.58497e-06 6.46126e-07
threshold=1.1162045641026233 -0.12998266336560246 -0.015352396624055869 -0.21586187957679212 0.035712851200166547 0.4573218412859848 1.0865233199188895
decision_type=2 2 2 2 2 2 2
left_child=1 3 -3 -1 5 -2 -6
right_child=4 2 -4 -5 6 -7 -8
leaf_value=0.061362626953700178 0.060146038153198661 0.045344264177004399 -0.015371583442775661 -0.045889583146529668 0.060384725378059056 0.0603531998540347 0.060267025299500294
leaf_weight=4.6334359117317936 15.473172090481965 35.18428953550756 80.443325914209709 35.880757560371421 0.2395090847276159 0.13410734198987562 0.56163841439411044
leaf_count=242 3043 466 7159 3277 21 11 61
internal_value=-9.45464e-05 -0.00642601 0.00310362 -0.0336236 0.0601554 0.0601478 0.0603022
internal_weight=172.55 156.142 115.628 40.5142 16.4084 15.6073 0.801147
internal_count=14280 11144 7625 3519 3136 3054 82
is_linear=0
shrinkage=0.06


Tree=91
num_leaves=8
num_cat=0
split_feature=2 0 0 5 5 1 6
split_gain=17.8455 19.9853 17.883 13.4568 8.62904 0.0926093 0.00215412
threshold=0.24406154444408659 69.143081408183136 67.746218129163452 0.032234687829608512 0.030415660494202548 69.231300764883727 0.55159304893288219
decision_type=2 2 2 2 2 2 2
left_child=1 2 -1 4 -2 -3 -5
right_child=3 5 -4 6 -6 -7 -8
leaf_value=-0.023674555902879126 0.017927324391783597 -0.09105694251423227 0.039677130446665924 -0.061525983095870374 0.068434711096513876 -0.060830572693708361 -0.065789652286014508
leaf_weight=43.151167102623731 52.136160411173478 0.37002600333653646 25.531873102299869 5.8549713185057035 15.888475867453961 26.389833255670965 0.46010723710060109
leaf_count=3275 4585 14 361 486 296 5254 9
internal_value=-9.46705e-05 -0.0172622 -0.000124532 0.0219463 0.0297243 -0.0612485 -0.0618366
internal_weight=169.783 95.4429 68.683 74.3397 68.0246 26.7599 6.31508
internal_count=14280 8904 3636 5376 4881 5268 495
is_linear=0
shrinkage=0.06


Tree=92
num_leaves=8
num_cat=0
split_feature=3 0 1 5 4 15 2
split_gain=16.8356 10.663 11.8456 0.00101913 3.88494e-06 1.25402e-06 4.59309e-07
threshold=1.1162045641026233 65.460355349602793 76.089994258863811 -0.018607237355575987 0.035712851200166547 0.4573218412859848 1.0865233199188895
decision_type=2 2 2 2 2 2 2
left_child=1 3 -3 -1 5 -2 -6
right_child=4 2 -4 -5 6 -7 -8
leaf_value=-0.062093604904641615 0.060135068114979061 0.0064597587167325487 -0.039548720194153973 -0.060393295530348806 0.060350383515589016 0.060326607592227757 0.060246943151867176
leaf_weight=1.4439685544930387 14.316304866224522 116.48718098504469 24.358380471705459 10.475444094510747 0.21992622502148229 0.12411908805370409 0.51974094612523913
leaf_count=98 3043 3950 4287 2809 21 11 61
internal_value=-0.000120196 -0.00610854 -0.00149713 -0.0605993 0.0601436 0.0601367 0.0602777
internal_weight=167.945 152.765 140.846 11.9194 15.1801 14.4404 0.739667
internal_count=14280 11144 8237 2907 3136 3054 82
is_linear=0
shrinkage=0.06


Tree=93
num_leaves=8
num_cat=0
split_feature=3 2 4 9 4 15 2
split_gain=15.7771 10.4712 12.9854 3.18271 3.24358e-06 1.04675e-06 3.83589e-07
threshold=1.1162045641026233 -0.31741145999270509 -0.032970059668913615 0.0016307528961613119 0.035712851200166547 0.4573218412859848 1.0865233199188895
decision_type=2 2 2 2 2 2 2
left_child=1 3 -3 -1 5 -2 -6
right_child=4 2 -4 -5 6 -7 -8
leaf_value=-0.063232983339446491 0.060127189017128164 0.068005364086331385 -0.0057404602949599681 0.055027286985136689 0.060329902145611077 0.06030748704353394 0.060232507773655374
leaf_weight=12.882024977123361 13.484301958233113 9.2105650035664421 128.76926012779586 0.87490127561613995 0.20718690007925111 0.11692688800394613 0.48958735866472125
leaf_count=1234 3043 168 9722 20 21 11 61
internal_value=-0.000117078 -0.00579459 -0.000817706 -0.055712 0.0601352 0.0601287 0.0602615
internal_weight=166.035 151.737 137.98 13.7569 14.298 13.6012 0.696774
internal_count=14280 11144 9890 1254 3136 3054 82
is_linear=0
shrinkage=0.06


Tree=94
num_leaves=8
num_cat=0
split_feature=2 0 4 1 5 0 1
split_gain=14.9051 18.9374 16.8175 13.1464 38.7886 21.7209 0.0763839
threshold=0.24406154444408659 69.143081408183136 -0.014393452706937067 74.571295414434886 0.0073916299202932126 75.32015694561737 69.231300764883727
decision_type=2 2 2 2 2 2 2
left_child=1 2 -1 4 -2 -5 -3
right_child=3 6 -4 5 -6 -7 -8
leaf_value=0.017020464819867437 0.058448645051929905 -0.08872740021688244 -0.053306304045996442 0.23410711715274846 -0.06318783341127078 0.03495237323388585 -0.060790098490879893
leaf_weight=51.485851047560573 18.336625238880515 0.35751622356474655 16.059387055691332 2.0993489380925885 19.44791990192607 32.374854474328458 24.232574165333062
leaf_count=890 1966 14 2746 47 1239 2124 5254
internal_value=-0.000113423 -0.016113 0.000299748 0.0202872 -0.00415834 0.0470801 -0.0611963
internal_weight=164.394 92.1353 67.5452 72.2587 37.7845 34.4742 24.5901
internal_count=14280 8904 3636 5376 3205 2171 5268
is_linear=0
shrinkage=0.06


Tree=95
num_leaves=8
num_cat=0
split_feature=3 2 5 9 4 15 2
split_gain=14.0867 9.86082 12.0782 2.94671 2.49343e-06 8.01344e-07 2.89381e-07
threshold=1.1162045641026233 -0.31741145999270509 -0.025180725891478909 0.0016307528961613119 0.035712851200166547 0.4573218412859848 1.0865233199188895
decision_type=2 2 2 2 2 2 2
left_child=1 3 -3 -1 5 -2 -6
right_child=4 2 -4 -5 6 -7 -8
leaf_value=-0.063153100517925706 0.06011416959836921 0.021125578937317657 -0.015366517550804891 0.049668425759037786 0.060299969487688156 0.060279551476469399 0.060211284390510669
leaf_weight=12.068098798044954 12.106701917247841 54.880343655124307 80.614007303258404 0.89522780245170075 0.18854419747367579 0.10640108492225486 0.44525607908144593
leaf_count=1234 3043 1003 8887 20 21 11 61
internal_value=-0.000152965 -0.00536888 -0.000585836 -0.0553618 0.0601216 0.0601156 0.0602377
internal_weight=161.305 148.458 135.494 12.9633 12.8469 12.2131 0.6338
internal_count=14280 11144 9890 1254 3136 3054 82
is_linear=0
shrinkage=0.06


Tree=96
num_leaves=8
num_cat=0
split_feature=2 0 4 1 5 1 1
split_gain=13.4912 17.8441 15.1935 11.5338 35.5087 14.7576 0.066291
threshold=0.24406154444408659 69.143081408183136 -0.014393452706937067 74.571295414434886 0.0073916299202932126 75.908635041038451 69.231300764883727
decision_type=2 2 2 2 2 2 2
left_child=1 2 -1 4 -2 -5 -3
right_child=3 6 -4 5 -6 -7 -8
leaf_value=0.01577811355422792 0.057747366908866067 -0.087223903288402127 -0.052169559722353355 0.088315186374373134 -0.062978439238162126 0.0092622729594367507 -0.060757917505603838
leaf_weight=51.523859130917117 17.009544843574986 0.34592079278081911 15.384466514922677 15.291165569797156 18.107804991770536 19.145273646106943 22.60473297862336
leaf_count=890 1966 14 2746 181 1239 1990 5254
internal_value=-0.000148135 -0.0155047 0.000154666 0.0196916 -0.00450333 0.0443649 -0.0611568
internal_weight=159.413 89.859 66.9083 69.5538 35.1173 34.4364 22.9507
internal_count=14280 8904 3636 5376 3205 2171 5268
is_linear=0
shrinkage=0.06


Tree=97
num_leaves=8
num_cat=0
split_feature=3 0 2 5 4 15 2
split_gain=12.7542 9.47193 10.3738 0.000799876 2.03377e-06 6.7321e-07 2.02155e-07
threshold=1.1162045641026233 65.460355349602793 -0.31741145999270509 -0.018607237355575987 0.035712851200166547 0.4573218412859848 1.0865233199188895
decision_type=2 2 2 2 2 2 2
left_child=1 3 -3 -1 5 -2 -6
right_child=4 2 -4 -5 6 -7 -8
leaf_value=-0.061931086049046534 0.060103850759759631 -0.054752400396438888 0.0043477481506223933 -0.060342796131198126 0.060273960374449646 0.060260767933974127 0.060196907072199143
leaf_weight=1.3078154334798444 11.002060631057242 11.711677143000996 122.81689371773973 8.9744458324275893 0.17391905188560564 0.099315051920712771 0.41521253669634461
leaf_count=98 3043 1162 7075 2809 21 11 61
internal_value=-0.000173 -0.0050397 -0.000797344 -0.0605448 0.060111 0.0601053 0.0602197
internal_weight=156.501 144.811 134.529 10.2823 11.6905 11.1014 0.589132
internal_count=14280 11144 8237 2907 3136 3054 82
is_linear=0
shrinkage=0.06


Tree=98
num_leaves=8
num_cat=0
split_feature=3 6 1 5 4 15 2
split_gain=11.9619 9.0464 28.6746 16.63 1.6982e-06 5.6206e-07 1.68844e-07
threshold=1.1162045641026233 0.38997858992787776 74.571295414434886 -0.017124300845262893 0.035712851200166547 0.4573218412859848 1.0865233199188895
decision_type=2 2 2 2 2 2 2
left_child=1 3 -3 -1 5 -2 -6
right_child=4 2 -4 -5 6 -7 -8
leaf_value=0.0055003565413459061 0.060097794227788728 -0.062919055151751502 0.083659659466000666 -0.040524599161571716 0.060257960249822676 0.060245522054763127 0.0601854050423139
leaf_weight=78.83902789989952 10.36236314545385 7.4487251164391663 13.53499928023666 44.055474298191257 0.16383297042921263 0.093554347753525557 0.39110490912571549
leaf_count=2633 3043 417 159 7935 21 11 61
internal_value=-0.000169273 -0.00478197 0.0316277 -0.0109988 0.0601045 0.0600991 0.0602068
internal_weight=154.889 143.878 20.9837 122.895 11.0109 10.4559 0.554938
internal_count=14280 11144 576 10568 3136 3054 82
is_linear=0
shrinkage=0.06


Tree=99
num_leaves=8
num_cat=0
split_feature=3 4 2 11 7 6 7
split_gain=12.0179 13.7753 14.9614 11.7203 12.1028 8.34431 5.425
threshold=-0.18958310126783726 -0.022621139130275761 0.24406154444408659 -0.21586187957679212 -0.096871969787844112 -0.34952634048167047 -0.027635805673614865
decision_type=2 2 2 2 2 2 2
left_child=3 5 -3 6 -5 -2 -1
right_child=1 2 -4 4 -6 -7 -8
leaf_value=0.28366803920456296 -0.037088269423174357 -0.031624045420077608 0.017395235212082371 0.32229949808296748 -0.047594182185439114 0.074492037741984998 0.039858250653858687
leaf_weight=0.35601488570682693 2.8609932775143561 34.43787084845826 64.20525996456854 0.32176381582394498 30.880509503302164 15.40108420467004 4.2586222059326237
leaf_count=23 58 5312 5338 19 3150 165 215
internal_value=-0.000172518 0.00914373 0.000281832 -0.0305804 -0.0437798 0.0570115 0.0586679
internal_weight=152.722 116.905 98.6431 35.8169 31.2023 18.2621 4.61464
internal_count=14280 10873 10650 3407 3169 223 238
is_linear=0
shrinkage=0.06


Tree=100
num_leaves=8
num_cat=0
split_feature=3 0 15 5 4 15 2
split_gain=11.0299 8.51696 9.52834 0.000628243 1.34664e-06 4.45578e-07 1.33891e-07
threshold=1.1162045641026233 65.460355349602793 0.0012550452387715637 -0.018607237355575987 0.035712851200166547 0.4573218412859848 1.0865233199188895
decision_type=2 2 2 2 2 2 2
left_child=1 3 -3 -1 5 -2 -6
right_child=4 2 -4 -5 6 -7 -8
leaf_value=-0.061780818968056851 0.060090481426201735 0.041118967118361625 -0.0068846553835630632 -0.060309170298100429 0.060238712281433709 0.060227179083163676 0.060171564439192568
leaf_weight=1.2021280513145027 9.5894803849514521 17.104434987064451 114.76013923087157 7.9536162269068864 0.15168919228017408 0.086618268396706166 0.36207637330517173
leaf_count=98 3043 1686 6551 2809 21 11 61
internal_value=-0.000187383 -0.0045434 -0.000658003 -0.0605024 0.0600967 0.0600917 0.0601914
internal_weight=151.21 141.02 131.865 9.15574 10.1899 9.6761 0.513766
internal_count=14280 11144 8237 2907 3136 3054 82
is_linear=0
shrinkage=0.06


Tree=101
num_leaves=8
num_cat=0
split_feature=2 4 2 15 1 7 0
split_gain=10.8895 13.0695 20.0074 10.6105 14.645 13.1955 10.2799
threshold=-0.12998266336560246 -0.015352396624055869 0.24406154444408659 0.00072702374501806832 67.383234043130798 -0.027635805673614865 69.143081408183136
decision_type=2 2 2 2 2 2 2
left_child=3 6 -3 4 -1 -5 -2
right_child=1 2 -4 5 -6 -7 -8
leaf_value=0.098804156756008552 0.05121753799190816 -0.054411070184981848 0.013388583331649346 0.1550449583053734 -0.078504448754165179 -0.055161255405080684 -0.057115658271114381
leaf_weight=4.6509891552850595 30.414656341774389 21.22724573360756 59.839459035545588 1.120681063504892 2.6226331070065498 26.415212664986029 3.518055318389087
leaf_count=380 334 4983 5149 179 408 2552 295
internal_value=-0.000178197 0.00872175 -0.0043647 -0.0295808 0.0348724 -0.0466061 0.0399858
internal_weight=149.809 114.999 81.0667 34.8095 7.27362 27.5359 33.9327
internal_count=14280 10761 10132 3519 788 2731 629
is_linear=0
shrinkage=0.06


Tree=102
num_leaves=8
num_cat=0
split_feature=3 7 11 15 4 15 2
split_gain=10.2164 8.36666 13.6711 8.32539 1.07983e-06 3.57273e-07 1.07438e-07
threshold=1.1162045641026233 -0.20326538696499027 -0.052689130270374911 0.15731978687544854 0.035712851200166547 0.4573218412859848 1.0865233199188895
decision_type=2 2 2 2 2 2 2
left_child=1 2 -1 -3 5 -2 -6
right_child=4 3 -4 -5 6 -7 -8
leaf_value=0.20259955361651211 0.060084094285114249 -0.020463038184250302 -0.029172393092558146 0.0094829747005443152 0.06022178796697597 0.060211054795265624 0.06015939917962871
leaf_weight=1.8073723739944401 8.9113385467790014 73.060122345807031 1.858076890464871 61.601887296885252 0.14100123755633909 0.080513952765614571 0.33653409266844392
leaf_count=22 3043 8529 57 2536 21 11 61
internal_value=-0.00020217 -0.00432954 0.0851105 -0.00676407 0.0600899 0.0600852 0.0601778
internal_weight=147.797 138.327 3.66545 134.662 9.46939 8.99185 0.477535
internal_count=14280 11144 79 11065 3136 3054 82
is_linear=0
shrinkage=0.06


Tree=103
num_leaves=8
num_cat=0
split_feature=3 4 2 15 0 7 0
split_gain=9.69247 12.1881 17.6999 10.3524 12.4059 11.5018 10.0705
threshold=-0.18958310126783726 -0.015352396624055869 0.24406154444408659 0.00072702374501806832 67.095628681683948 -0.027635805673614865 69.143081408183136
decision_type=2 2 2 2 2 2 2
left_child=3 6 -3 4 -1 -5 -2
right_child=1 2 -4 5 -6 -7 -8
leaf_value=0.090505296091592816 0.049819221709614156 -0.052836537398594348 0.011951953782088137 0.13322739246991777 -0.078285674055007387 -0.054653224649463275 -0.05696689142463969
leaf_weight=4.814949970226734 30.02070416812785 20.376353644067422 59.527590667828918 1.230405537411573 2.3243152231443673 25.15035202272702 3.5557973964605472
leaf_count=394 330 5065 5149 172 335 2506 329
internal_value=-0.000196637 0.00817674 -0.0045698 -0.0285443 0.0355524 -0.0458904 0.0385104
internal_weight=147 113.48 79.9039 33.52 7.13927 26.3808 33.5765
internal_count=14280 10873 10214 3407 729 2678 659
is_linear=0
shrinkage=0.06


Tree=104
num_leaves=8
num_cat=0
split_feature=3 0 1 5 4 15 2
split_gain=9.47736 7.68997 8.76812 0.000499259 8.68972e-07 2.87571e-07 8.65962e-08
threshold=1.1162045641026233 65.460355349602793 78.409481338664747 -0.018607237355575987 0.035712851200166547 0.4573218412859848 1.0865233199188895
decision_type=2 2 2 2 2 2 2
left_child=1 3 -3 -1 5 -2 -6
right_child=4 2 -4 -5 6 -7 -8
leaf_value=-0.061695623237550609 0.060078301144561981 0.0037807109050202628 -0.057925369442440811 -0.060290029499479078 0.060206362866765839 0.060196361902222821 0.060148307322982951
leaf_weight=1.0423187112901358 8.2938402844592876 119.18167606263887 8.909708249033427 7.1511653608176839 0.13125048344954926 0.074945081956685367 0.31323597952723503
leaf_count=98 3043 4884 3353 2809 21 11 61
internal_value=-0.000216565 -0.00411606 -0.000511406 -0.0604688 0.0600837 0.0600794 0.0601655
internal_weight=145.098 136.285 128.091 8.19348 8.81327 8.36879 0.444486
internal_count=14280 11144 8237 2907 3136 3054 82
is_linear=0
shrinkage=0.06


Tree=105
num_leaves=8
num_cat=0
split_feature=3 2 4 9 4 15 2
split_gain=8.89445 7.43486 9.77294 0.0679152 7.25659e-07 2.40119e-07 7.2328e-08
threshold=1.1162045641026233 -0.37704588346818463 -0.032970059668913615 0.0060346838802644255 0.035712851200166547 0.4573218412859848 1.0865233199188895
decision_type=2 2 2 2 2 2 2
left_child=1 3 -3 -1 5 -2 -6
right_child=4 2 -4 -5 6 -7 -8
leaf_value=-0.062464371388424395 0.060073734341000655 0.05552614833949647 -0.0054836086469522913 -0.091065809752408078 0.060194317780135474 0.060184890978943577 0.060139649228395431
leaf_weight=6.7753003730904302 7.8114204115699959 10.274158959276972 118.13622247148305 0.3126705833710729 0.12363103334791947 0.070593665819615015 0.29503571870736778
leaf_count=908 3043 276 9956 4 21 11 61
internal_value=-0.000210862 -0.00390423 -0.000602197 -0.0637261 0.0600788 0.0600747 0.0601558
internal_weight=143.799 135.498 128.41 7.08797 8.30068 7.88201 0.418667
internal_count=14280 11144 10232 912 3136 3054 82
is_linear=0
shrinkage=0.06


Tree=106
num_leaves=8
num_cat=0
split_feature=3 4 1 11 0 7 6
split_gain=8.62312 10.7692 15.7077 9.81225 9.04042 7.24494 4.53032
threshold=-0.18958310126783726 -0.015352396624055869 74.571295414434886 -0.21586187957679212 69.143081408183136 -0.096871969787844112 -0.22470205121661818
decision_type=2 2 2 2 2 2 2
left_child=3 4 -3 6 -2 -5 -1
right_child=1 2 -4 5 -6 -7 -8
leaf_value=0.081834315764930735 0.046918133450453738 -0.031237023795833048 0.022748944307652327 0.19360598554585992 -0.056904569158162346 -0.045238606505242487 -0.06954534552698094
leaf_weight=3.7582770209992304 29.756385184125975 39.153190169483423 38.462153271422721 0.46507106302306311 3.3602568646892896 27.014708172122482 0.87795575964264472
leaf_count=112 330 5546 4668 19 329 3150 126
internal_value=-0.000201085 0.007738 -0.00448437 -0.0275741 0.0363835 -0.0411964 0.0531678
internal_weight=142.848 110.732 77.6153 32.116 33.1166 27.4798 4.63623
internal_count=14280 10873 10214 3407 659 3169 238
is_linear=0
shrinkage=0.06


Tree=107
num_leaves=8
num_cat=0
split_feature=3 1 15 2 4 15 2
split_gain=8.39107 7.30918 9.04158 0.768566 5.40105e-07 1.80294e-07 5.61362e-08
threshold=1.1162045641026233 78.409481338664747 0.0012550452387715637 0.69121103384868132 0.035712851200166547 0.4573218412859848 1.0865233199188895
decision_type=2 2 2 2 2 2 2
left_child=1 2 -1 -3 5 -2 -6
right_child=4 3 -4 -5 6 -7 -8
leaf_value=0.041963451737558874 0.060069815817765701 -0.060427919215632238 -0.0062834295567796459 0.060813280663968808 0.060178867827836213 0.060170175889578403 0.06012868564399089
leaf_weight=16.038871400989592 7.4000586948823175 8.2834741424303466 109.10382326017134 0.19260414876043874 0.11384888971224416 0.065007043071091064 0.27192767872475088
leaf_count=1500 3043 3346 6291 7 21 11 61
internal_value=-0.000209984 -0.00375202 -9.98842e-05 -0.0576729 0.0600743 0.0600707 0.0601435
internal_weight=141.47 133.619 125.143 8.47608 7.85084 7.46507 0.385777
internal_count=14280 11144 7791 3353 3136 3054 82
is_linear=0
shrinkage=0.06


Tree=108
num_leaves=8
num_cat=0
split_feature=0 15 1 6 5 2 2
split_gain=8.0387 10.2761 21.7875 12.6671 0.000424347 0.000411742 3.0167e-05
threshold=65.460355349602793 0.0012550452387715637 67.383234043130798 -0.2580631501205084 -0.018607237355575987 -1.0000000180025095e-35 0.24406154444408659
decision_type=2 2 2 2 2 2 2
left_child=4 2 -2 -3 5 -1 -6
right_child=1 3 -4 -5 6 -7 -8
leaf_value=-0.060977207285116262 0.08996627741025609 -0.035960225080151419 -0.042359838876122408 0.0087815479560541896 -0.060203688281181111 -0.064043290074705689 -0.060521799754085635
leaf_weight=0.73878470435738564 12.703469648258762 31.622599015478045 6.9191471350495695 81.465691879857332 5.2585329763824111 0.20045607071369875 1.3483720291405914
leaf_count=90 951 1645 2302 6475 2557 8 252
internal_value=-0.000199968 0.00322527 0.0433067 -0.00372948 -0.0604383 -0.0616316 -0.0602686
internal_weight=140.257 132.711 19.6226 113.088 7.54615 0.939241 6.60691
internal_count=14280 11373 3253 8120 2907 98 2809
is_linear=0
shrinkage=0.06


Tree=109
num_leaves=8
num_cat=0
split_feature=3 15 5 6 4 15 2
split_gain=7.72327 7.06702 11.869 11.1891 4.44932e-07 1.48077e-07 4.56691e-08
threshold=1.1162045641026233 0.15731978687544854 -0.017124300845262893 -0.2580631501205084 0.035712851200166547 0.4573218412859848 1.0865233199188895
decision_type=2 2 2 2 2 2 2
left_child=1 2 -1 -3 5 -2 -6
right_child=4 3 -4 -5 6 -7 -8
leaf_value=0.0047877835647925577 0.06006470936382418 -0.030950919024788824 -0.045413404499059888 0.026464769786141609 0.060166959444830338 0.06015883863042247 0.060120117862483703
leaf_weight=39.589869934832677 6.8356369340326628 16.672666898812167 29.654339472879656 45.743845591554418 0.10630449978634704 0.060698610264807829 0.2538924952968955
leaf_count=1348 3043 924 7201 1671 21 11 61
internal_value=-0.000192191 -0.00351351 -0.0167112 0.0111279 0.0600689 0.0600655 0.0601339
internal_weight=138.917 131.661 69.2442 62.4165 7.25653 6.89634 0.360197
internal_count=14280 11144 8549 2595 3136 3054 82
is_linear=0
shrinkage=0.06


Tree=110
num_leaves=8
num_cat=0
split_feature=2 4 5 8 0 11 5
split_gain=7.54797 10.5034 7.49602 5.80905 7.33964 6.61871 0.263098
threshold=-0.19286922843532747 -0.032970059668913615 0.032234687829608512 0.00025111194919942293 67.095628681683948 -0.24794131645276971 -0.030038189570995254
decision_type=2 2 2 2 2 2 2
left_child=3 6 -3 5 -5 -1 -2
right_child=1 2 -4 4 -6 -7 -8
leaf_value=0.16195438588049774 0.1050103835117301 0.0057756729329038366 -0.061321324482306733 0.092541757083028434 -0.074803546842209204 -0.055835219234675972 0.07732253224935666
leaf_weight=0.51839219068643316 2.5017169769853354 105.34059348853771 6.3558027029503128 2.5629474241286507 1.4932351096649652 16.227021533995867 2.4410116635262957
leaf_count=10 26 10882 735 171 200 2241 15
internal_value=-0.000192701 0.00574523 0.00195769 -0.033488 0.0309356 -0.049093 0.0913365
internal_weight=137.441 116.639 111.696 20.8016 4.05618 16.7454 4.94273
internal_count=14280 11658 11617 2622 371 2251 41
is_linear=0
shrinkage=0.06


Tree=111
num_leaves=8
num_cat=0
split_feature=0 15 1 3 5 2 2
split_gain=7.27028 9.18678 19.2815 11.1262 0.000366592 0.000354344 2.2308e-05
threshold=65.460355349602793 0.0012550452387715637 67.383234043130798 -0.18958310126783726 -0.018607237355575987 1.0000000180025095e-35 0.24406154444408659
decision_type=2 2 2 2 2 2 2
left_child=4 2 -2 -3 5 -1 -6
right_child=1 3 -4 -5 6 -7 -8
leaf_value=-0.060919418964667488 0.086908549333312532 -0.042217995396834948 -0.04111134251677262 0.0057774803816988372 -0.060184719581506382 -0.0638417255817645 -0.060472107628477184
leaf_weight=0.68224991671740998 12.076070433598945 21.585044952400494 6.5231717865681267 89.423566606361419 4.7616976271965532 0.19124671537429094 1.2218693094328044
leaf_count=90 951 2170 2302 5950 2557 8 252
internal_value=-0.000201805 0.00298364 0.0420091 -0.00355499 -0.060411 -0.0615592 -0.0602434
internal_weight=136.465 129.608 18.5992 111.009 6.85706 0.873497 5.98357
internal_count=14280 11373 3253 8120 2907 98 2809
is_linear=0
shrinkage=0.06


Tree=112
num_leaves=8
num_cat=0
split_feature=3 15 5 0 4 15 2
split_gain=7.10497 6.79658 10.3955 10.3225 3.60067e-07 1.19767e-07 3.68484e-08
threshold=1.1162045641026233 0.15731978687544854 -0.017124300845262893 67.496457310648211 0.035712851200166547 0.4573218412859848 1.0865233199188895
decision_type=2 2 2 2 2 2 2
left_child=1 2 -1 -3 5 -2 -6
right_child=4 3 -4 -5 6 -7 -8
leaf_value=0.0036254340351879197 0.060060112554549884 -0.060448792176675842 -0.044327263287507628 0.019501900233376945 0.060155414088565201 0.060147845511610516 0.060111810309606953
leaf_weight=38.580898201616947 6.3021880270680404 6.5009131655096999 28.149895693757571 54.983714702539146 0.098985311808064469 0.056518854573368915 0.23639735183678567
leaf_count=1348 3043 159 7201 2436 21 11 61
internal_value=-0.000196772 -0.00334297 -0.0166031 0.0110485 0.0600641 0.0600609 0.0601247
internal_weight=134.91 128.215 66.7308 61.4846 6.69409 6.35871 0.335383
internal_count=14280 11144 8549 2595 3136 3054 82
is_linear=0
shrinkage=0.06


Tree=113
num_leaves=7
num_cat=0
split_feature=6 5 6 2 1 6
split_gain=6.98364 7.50736 8.28478 3.97369 0.0597107 0.00107859
threshold=-0.37747182552145425 0.032234687829608512 0.38997858992787776 0.013454992166330728 68.842319698236466 0.55159304893288219
decision_type=2 2 2 2 2 2
left_child=3 2 -2 4 -1 -3
right_child=1 5 -4 -5 -6 -7
leaf_value=-0.071873779471168422 0.000392811152090484 -0.061053801187805137 0.04504153011734964 0.024827496004706785 -0.061164958753598717 -0.064218899736474752
leaf_weight=4.897400592453776 99.912681753747165 5.6688549756072453 17.596051973989233 2.1123434085166082 3.0367141269380227 0.4160484094172715
leaf_count=94 12447 724 471 22 511 11
internal_value=-0.000196905 0.00371359 0.00707862 -0.0483047 -0.0677751 -0.0612702
internal_weight=133.64 123.594 117.509 10.0465 7.93411 6.0849
internal_count=14280 13653 12918 627 605 735
is_linear=0
shrinkage=0.06


Tree=114
num_leaves=7
num_cat=0
split_feature=3 7 15 4 15 2
split_gain=6.65292 6.90517 7.09925 2.66543e-07 1.00133e-07 2.93444e-08
threshold=1.1162045641026233 -0.21815110138429869 0.15731978687544854 0.035712851200166547 0.4573218412859848 1.0865233199188895
decision_type=2 2 2 2 2 2
left_child=1 -1 -3 4 -2 -5
right_child=3 2 -4 5 -6 -7
leaf_value=0.10023706133285865 0.060056488428189989 -0.01894108486560379 0.0097304932171908796 0.060143187734472289 0.060139162187266497 0.060102528605133557
leaf_weight=2.2821949054487041 5.923713589552789 64.316938176110853 60.178039165912196 0.090607041958719381 0.05321404943242658 0.2168076781090349
leaf_count=37 3043 8539 2568 21 11 61
internal_value=-0.000198948 -0.00318598 -0.0050819 0.06006 0.0600572 0.0601145
internal_weight=133.062 126.777 124.495 6.28434 5.97693 0.307415
internal_count=14280 11144 11107 3136 3054 82
is_linear=0
shrinkage=0.06


Tree=115
num_leaves=7
num_cat=0
split_feature=2 4 6 12 9 15
split_gain=6.45818 7.45996 7.64984 6.70865 2.40442 0.00502334
threshold=-0.31741145999270509 -0.032970059668913615 -0.13871785553081506 -0.093629105517294406 0.0016307528961613119 -0.0096012483462365756
decision_type=2 2 2 2 2 2
left_child=4 2 -2 -3 5 -1
right_child=1 3 -4 -5 -6 -7
leaf_value=-0.069531964434894095 0.020758023707068859 0.016278881601718559 0.14558311961751932 -0.013017159771620162 0.044138279700767377 -0.061734006064130535
leaf_weight=0.31020300090312947 6.0133622153662145 48.439809517876711 2.5032183921430242 67.146707217034418 0.85490034869872022 7.2024994956445862
leaf_count=4 155 4971 13 7887 20 1230
internal_value=-0.000186728 0.00325325 0.057447 -0.000739822 -0.0512063 -0.062056
internal_weight=132.471 124.103 8.51658 115.587 8.3676 7.5127
internal_count=14280 13026 168 12858 1254 1234
is_linear=0
shrinkage=0.06


Tree=116
num_leaves=8
num_cat=0
split_feature=0 15 1 3 5 2 2
split_gain=6.42483 8.71744 17.5743 9.35434 0.000293932 0.000274912 1.54041e-05
threshold=65.460355349602793 0.0012550452387715637 67.383234043130798 -0.18958310126783726 -0.018607237355575987 1.0000000180025095e-35 0.24406154444408659
decision_type=2 2 2 2 2 2 2
left_child=4 2 -2 -3 5 -1 -6
right_child=1 3 -4 -5 6 -7 -8
leaf_value=-0.060852556600183301 0.085484897493602871 -0.040490109435599969 -0.041013853893879682 0.0048058364121710724 -0.060163456633101652 -0.063522436350894981 -0.060417358986105334
leaf_weight=0.62098349770531047 11.498855700483547 20.164777023310307 6.025573189079295 88.225345952901989 4.2080742053803979 0.17882029060274363 1.0812374085653571
leaf_count=90 951 2170 2302 5950 2557 8 252
internal_value=-0.000183906 0.002727 0.0419898 -0.00362097 -0.0603775 -0.0614495 -0.0602154
internal_weight=132.004 125.915 17.5244 108.39 6.08912 0.799804 5.28931
internal_count=14280 11373 3253 8120 2907 98 2809
is_linear=0
shrinkage=0.06


Tree=117
num_leaves=7
num_cat=0
split_feature=5 6 12 0 6 6
split_gain=6.28843 8.56218 14.9449 8.56315 0.000920178 0.000242746
threshold=0.032234687829608512 0.38997858992787776 -0.052909685321715465 68.698382161606602 0.55159304893288219 0.43073380258638289
decision_type=2 2 2 2 2 2
left_child=1 3 -3 -1 5 -2
right_child=4 2 -4 -5 -6 -7
leaf_value=0.0094119575237289251 -0.060680790178678959 0.090008704241560294 -0.020814863568599649 -0.025643762023462982 -0.064004003433219228 -0.061501102197606579
leaf_weight=66.838855769892689 3.245419221231713 9.950999701162802 7.8254695718642315 40.15628014516551 0.39636596105992783 2.1649868418462574
leaf_count=5919 570 195 276 7155 11 154
internal_value=-0.000178711 0.0026618 0.0412225 -0.00374478 -0.0612135 -0.061009
internal_weight=130.578 124.772 17.7765 106.995 5.80677 5.41041
internal_count=14280 13545 471 13074 735 724
is_linear=0
shrinkage=0.06


Tree=118
num_leaves=7
num_cat=0
split_feature=3 7 15 4 0 2
split_gain=6.22376 6.16864 6.68632 2.10041e-07 8.88464e-08 2.09507e-08
threshold=1.1162045641026233 -0.21815110138429869 0.15731978687544854 0.035712851200166547 76.980133055201406 1.0865233199188895
decision_type=2 2 2 2 2 2
left_child=1 -1 -3 4 -2 -5
right_child=3 2 -4 5 -6 -7
leaf_value=0.094073844097331036 0.060046870396604557 -0.018613450103045666 0.0095179248124022068 0.060132450669898731 0.060061977659824989 0.060096767481113665
leaf_weight=2.3106439919210962 2.759324390674009 62.335170459060464 59.401101067545824 0.083474347135051974 2.8477808020543307 0.20398328732699156
leaf_count=37 1712 8539 2568 21 1342 61
internal_value=-0.000180972 -0.00304341 -0.00488677 0.0600571 0.0600545 0.0601071
internal_weight=129.941 124.047 121.736 5.89456 5.60711 0.287458
internal_count=14280 11144 11107 3136 3054 82
is_linear=0
shrinkage=0.06


Tree=119
num_leaves=7
num_cat=0
split_feature=6 0 15 2 1 5
split_gain=6.04139 6.71904 7.59938 3.6837 0.0456036 0.000241994
threshold=-0.37747182552145425 65.460355349602793 0.00080248358518292316 0.013454992166330728 68.842319698236466 -0.018607237355575987
decision_type=2 2 2 2 2 2
left_child=3 5 -3 4 -1 -2
right_child=1 2 -4 -5 -6 -7
leaf_value=-0.070956025442880905 -0.061370005020948075 0.045470895842158937 0.00043730747343563402 0.02369199972871373 -0.061074454442673023 -0.060200970957102765
leaf_weight=4.4839662093436328 0.73202969878911961 15.621150630176997 98.873623635852709 2.0649648307589814 2.6899428024189547 4.9342859682510598
leaf_count=94 95 3059 7692 22 511 2807
internal_value=-0.000169673 0.00342517 0.00658149 -0.0469243 -0.0672508 -0.060352
internal_weight=129.4 120.161 114.495 9.23887 7.17391 5.66632
internal_count=14280 13653 10751 627 605 2902
is_linear=0
shrinkage=0.06


end of trees

feature_importances:
Column_5=169
Column_2=144
Column_3=113
Column_15=98
Column_4=84
Column_6=51
Column_1=48
Column_0=38
Column_7=13
Column_9=9
Column_11=6
Column_12=4
Column_8=1

parameters:
[boosting: gbdt]
[objective: binary]
[metric: binary_logloss]
[tree_learner: serial]
[device_type: cpu]
[data_sample_strategy: bagging]
[data: ]
[valid: ]
[num_iterations: 120]
[learning_rate: 0.06]
[num_leaves: 31]
[num_threads: 8]
[seed: 42]
[deterministic: 0]
[force_col_wise: 0]
[force_row_wise: 0]
[histogram_pool_size: -1]
[max_depth: 3]
[min_data_in_leaf: 20]
[min_sum_hessian_in_leaf: 0.001]
[bagging_fraction: 1]
[pos_bagging_fraction: 1]
[neg_bagging_fraction: 1]
[bagging_freq: 0]
[bagging_seed: 400]
[bagging_by_query: 0]
[feature_fraction: 1]
[feature_fraction_bynode: 1]
[feature_fraction_seed: 30056]
[extra_trees: 0]
[extra_seed: 12879]
[early_stopping_round: 0]
[early_stopping_min_delta: 0]
[first_metric_only: 0]
[max_delta_step: 0]
[lambda_l1: 0]
[lambda_l2: 0]
[linear_lambda: 0]
[min_gain_to_split: 0]
[drop_rate: 0.1]
[max_drop: 50]
[skip_drop: 0.5]
[xgboost_dart_mode: 0]
[uniform_drop: 0]
[drop_seed: 17869]
[top_rate: 0.2]
[other_rate: 0.1]
[min_data_per_group: 100]
[max_cat_threshold: 32]
[cat_l2: 10]
[cat_smooth: 10]
[max_cat_to_onehot: 4]
[top_k: 20]
[monotone_constraints: ]
[monotone_constraints_method: basic]
[monotone_penalty: 0]
[feature_contri: ]
[forcedsplits_filename: ]
[refit_decay_rate: 0.9]
[cegb_tradeoff: 1]
[cegb_penalty_split: 0]
[cegb_penalty_feature_lazy: ]
[cegb_penalty_feature_coupled: ]
[path_smooth: 0]
[interaction_constraints: ]
[verbosity: -1]
[saved_feature_importance_type: 0]
[use_quantized_grad: 0]
[num_grad_quant_bins: 4]
[quant_train_renew_leaf: 0]
[stochastic_rounding: 1]
[linear_tree: 0]
[max_bin: 255]
[max_bin_by_feature: ]
[min_data_in_bin: 3]
[bin_construct_sample_cnt: 200000]
[data_random_seed: 175]
[is_enable_sparse: 1]
[enable_bundle: 1]
[use_missing: 1]
[zero_as_missing: 0]
[feature_pre_filter: 1]
[pre_partition: 0]
[two_round: 0]
[header: 0]
[label_column: ]
[weight_column: ]
[group_column: ]
[ignore_column: ]
[categorical_feature: ]
[forcedbins_filename: ]
[precise_float_parser: 0]
[parser_config_file: ]
[objective_seed: 16083]
[num_class: 1]
[is_unbalance: 0]
[scale_pos_weight: 1]
[sigmoid: 1]
[boost_from_average: 1]
[reg_sqrt: 0]
[alpha: 0.9]
[fair_c: 1]
[poisson_max_delta_step: 0.7]
[tweedie_variance_power: 1.5]
[lambdarank_truncation_level: 30]
[lambdarank_norm: 1]
[label_gain: ]
[lambdarank_position_bias_regularization: 0]
[eval_at: ]
[multi_error_top_k: 1]
[auc_mu_weights: ]
[num_machines: 1]
[local_listen_port: 12400]
[time_out: 120]
[machine_list_filename: ]
[machines: ]
[gpu_platform_id: -1]
[gpu_device_id: -1]
[gpu_device_id_list: ]
[gpu_use_dp: 0]
[num_gpu: 1]

end of parameters

pandas_categorical:null
